date,0000000000000001A110000000000FYW,0000000000000001A110000000000FYZ,0000000000000001A110000000000FZ2,0000000000000001A110000000000FZ5,0000000000000001A110000000000FZ8,0000000000001001A11000000000A5L0
2018-01-01,109.92623828442716,126.07936841213629,166.63249735757867,104.55184329314086,108.94158636058845,263.07211654373685
2018-01-02,81.69063544988762,116.05709760653977,155.62607815930042,88.6125293659652,122.45013960789244,264.4357061882254
2018-01-03,87.3934607283624,97.73942685121311,149.63486156402172,79.90934676145014,117.2855319826816,240.04953066456366
2018-01-04,101.63739084803174,107.35887754577156,157.13909313407174,99.0155363005507,129.49372348415753,284.8796697711743
2018-01-05,107.19165885836584,130.81508263249066,163.39065856248985,114.16424220933648,118.23389197197167,270.93217844125945
2018-01-06,104.69500074062873,122.36342855276858,176.02452970480059,100.68190557544084,121.13074343522074,274.6515473472377
2018-01-07,107.4541498292826,116.60810628856667,146.70295385241195,100.73877465970014,93.35313027148433,249.14251338382093
2018-01-08,79.2178647570019,107.36336810852877,151.20603063580157,87.02669888549832,104.42166750215266,239.86536769533674
2018-01-09,73.81710023843199,102.49193910262235,138.87668976829147,73.62156906914957,102.26825493203087,220.4192232712797
2018-01-10,84.34454026305511,86.3385532791448,139.80009615258317,76.65308766625287,108.9265464391617,229.70305604022357
2018-01-11,78.45597575954567,114.04515917415839,140.91847002973583,84.02560143566555,97.11902520400915,218.45629475006558
2018-01-12,68.26931348663904,124.32845961444467,167.44125868808595,64.44121880632396,121.13197700385606,242.14441807594852
2018-01-13,69.36618121501179,83.68246856680865,128.81435023156513,67.86992137116141,90.12427882541066,182.45251944796652
2018-01-14,101.75354997017149,123.09837057494586,121.1285972026445,64.29663290412816,95.84587050705416,170.16658356566506
2018-01-15,73.03150347946995,65.0559468840676,125.02055174116984,64.18007547469843,90.72317187638072,181.78605734286415
2018-01-16,68.86746542621347,104.89289332349176,123.1599567877463,70.13646774813647,81.98244270923178,165.59504876803794
2018-01-17,81.93717699902012,96.80812421636739,140.08949336933372,70.12354608157263,103.26217628297826,175.72791306307954
2018-01-18,68.695200396567,82.43209631462688,104.88175433202727,70.26396311815785,77.9642488700765,146.33272658616022
2018-01-19,65.52825280203658,77.07335809099062,123.37946329263981,64.66031942880036,83.6662379575009,152.22185287685016
2018-01-20,59.52882466558632,74.10492979131776,112.53742185989437,58.1319070434836,85.43621702518163,160.01428045542454
2018-01-21,72.22612182601385,115.49843988808995,121.64979909519793,62.37822066754654,82.81690486659356,168.49378412548097
2018-01-22,63.036379452397966,40.175872193906905,120.86858452035486,69.56872026930137,74.11723975457603,140.0723781771119
2018-01-23,79.46194958835852,125.76904484152425,137.26325452355275,84.16078034961632,87.53283845754932,182.29361733208023
2018-01-24,69.50757498687013,89.9810649438207,108.42865002327359,71.68743354296748,72.29842318922873,135.91499710584054
2018-01-25,64.27566430924082,77.02279768068692,126.41087165577866,63.04748590749787,77.83260731062231,147.84010304473534
2018-01-26,57.41883389156995,69.29354127264696,111.63250377233949,67.93315634020685,86.84760380895759,142.8232379958972
2018-01-27,62.154326835670815,73.48307000801002,123.33257024909824,79.45251683642718,89.78630306301218,171.18501671093657
2018-01-28,68.64983158677892,102.5280299218194,124.91130271499773,80.71225996300564,77.41892497744658,151.76306390725898
2018-01-29,64.0306771406353,67.56719518225214,155.58542002298262,99.79008790094039,104.37926718353701,174.60252081759924
2018-01-30,80.23508122909256,122.08808970664832,120.43915180978601,88.56108686412013,82.89092155855883,169.1672311350591
2018-01-31,65.98927495563501,92.8037994295921,131.75348518644478,72.44266415975626,92.5261035808953,168.8130453690806
2018-02-01,52.13030378092617,75.85729153821325,92.34649511851639,49.836111522625444,87.63135132116844,148.83671259212613
2018-02-02,58.19037070127177,71.89113667272582,97.61512840698532,56.174342757164744,83.40096506317097,152.94320645343618
2018-02-03,70.26593606608272,95.19533170564833,151.07107135480518,86.30457363662788,120.81814056376426,211.87542528433923
2018-02-05,57.424804578651774,84.49166612110523,106.46956967091384,53.893198034367295,77.94371327228691,155.0664445219918
2018-02-06,71.63849001104688,32.69498963055406,108.19885970376406,63.76150303535223,86.06920232857524,172.00044722760276
2018-02-07,63.219297940827964,93.10654658345359,130.9629242395396,56.95130286534946,87.77694619583022,165.97872781659825
2018-02-08,64.54551935291671,81.04079201636904,107.75699186661485,55.3515705053666,95.65396859533372,173.89586584892757
2018-02-09,66.84335752145552,77.87016317646862,106.55719255484766,56.5097984284098,96.05326176675054,175.8577729562391
2018-02-10,82.0908117060621,85.88132707453863,133.69050685813912,79.02003724901859,90.5335770135768,160.3553002203243
2018-02-12,38.39798520227757,52.29125015598213,76.53528869736166,35.3453958497922,62.35578062101088,115.07926530121856
2018-02-13,80.83153058270776,92.97714204874903,119.28754481903057,74.99291702582592,68.90180596709087,146.98267958186634
2018-02-22,28.163334973425314,29.426167576275503,122.02744984281901,79.00943837955305,46.713172754994076,91.02195005937617
2018-02-23,88.07803551203871,105.58160837681534,44.575974279159055,79.85246169993374,33.995833521033234,80.45886670114749
2018-02-24,82.24415802410392,88.28342931503833,110.24030885795663,68.798510927417,66.74969966706668,148.91163765673178
2018-02-26,48.20293057520763,49.806786707980955,63.7914009266461,38.44654332452201,48.063708416460976,122.86992605146918
2018-02-27,31.10034803375289,38.37424541812766,63.65433647452512,29.074555778654027,50.31927798965523,110.32061171927882
2018-02-28,35.956785437244825,41.94512588195481,59.54615632837598,29.218338980020157,53.27159494223108,114.82816000732649
2018-03-01,53.08006949230625,54.231193882294,67.23199668265379,48.3605959769337,56.52316424100922,124.58031339838784
2018-03-02,53.2342828279576,55.227944624967975,79.85965835327698,46.707601195383354,47.987254674316155,115.79836846555249
2018-03-03,82.84585784062978,93.87776318639786,77.71536165824298,72.16421159768697,60.215700223262715,139.2414681425434
2018-03-05,66.67622397445174,69.49546297763206,81.94069337543631,56.83620354658731,55.818876439948355,120.30500966750532
2018-03-06,55.92466297950859,61.5063839072487,95.52812393649374,51.192411801938135,62.62384577099347,127.90476039193327
2018-03-07,54.635375237906715,59.84080315368457,80.90866295661667,46.857392480848915,64.31752124082746,124.19270609340542
2018-03-08,56.62954643454835,51.625466795992175,76.97614855056929,48.47120344931389,62.323612177426625,119.1830310046033
2018-03-09,51.22083496435956,56.05776848168256,81.8327052301087,47.318835613006044,51.42749229035768,116.24667562337677
2018-03-10,69.74080989900743,75.89090024418141,114.11278847583573,70.57645533555468,75.95119943351386,160.38324260692679
2018-03-12,67.75507476844604,74.87657002760847,90.01798032348194,71.96793403186759,66.05708607293018,137.9310523080274
2018-03-13,58.07465390071461,72.43873194188252,104.5815073238929,61.16477489843463,71.51759472644181,142.5371379497425
2018-03-14,50.75096620729683,64.65217799826834,95.12316839151518,54.34067411742939,76.69023713224627,138.25230950790868
2018-03-15,59.940635262096045,57.35646286149539,94.2867452419267,59.60684633006608,71.91741799982596,139.97402208918203
2018-03-16,52.730358625938536,73.59246771947892,98.4859968332893,57.82489216367783,59.947779946491174,131.51833886537187
2018-03-17,74.59477003256853,84.33830768195733,115.29580379038745,77.2713927606769,84.45706266626615,184.44083401252163
2018-03-19,70.93958014964657,79.68842592950048,100.09013809988505,75.9693122778249,74.71585545704491,167.81927240150586
2018-03-20,62.79567027723313,73.58525185985532,112.86361609848058,64.68487010687515,79.23351671699217,166.07447450385914
2018-03-21,55.631818280662316,70.35206569117202,97.35389955525142,61.019447591675004,84.06133799284099,165.34236324684323
2018-03-22,63.781029236488784,69.94060134019044,98.31269849228451,65.05521500692245,82.98049705600036,165.1938423303152
2018-03-23,57.5594849763043,81.07210710043577,103.08034277671884,65.4174586122812,67.07983302987739,155.47669993068973
2018-03-24,70.67775632020818,98.1904527861763,120.41553696211844,76.35699990521242,94.07397589166959,186.49261461152082
2018-03-26,72.2629233362048,84.92569684431302,100.16999759657944,81.60516806033021,75.23658580903077,164.70679058557056
2018-03-27,63.63099251201131,85.93768106841462,110.10312871881827,76.29634005117023,78.60798938166917,155.47040393531518
2018-03-28,62.908117501145576,82.93796804666395,98.38803153977354,70.58360463539617,87.86445957292266,161.30856744109758
2018-03-29,65.36075209356738,85.59180086378981,98.8584589393295,77.71456261929775,96.22022898347562,169.2589566771548
2018-03-30,73.22884498961272,81.7723661887976,98.84665783961555,74.11395046160587,71.13908885184209,162.44668968188307
2018-03-31,72.68250787917827,100.83977679591756,131.195752257417,50.3042453720033,98.131586220777,190.14385452725605
2018-04-01,69.08443535772095,101.51001902261383,121.25811403332696,71.44960780544925,95.99536924706429,180.66444955380354
2018-04-02,67.34321873103018,83.28188687021031,99.72481238100295,69.77127646681278,72.06335350210325,157.09640968900112
2018-04-03,59.73607132917435,88.46480878914231,117.6370776244584,64.18301501195027,79.90643674523523,158.37841794302335
2018-04-04,49.35674873915756,72.76548697477442,81.57908714313687,50.797589024782326,67.5313266777041,126.29847384200401
2018-04-08,69.97452081915677,97.11746356244231,121.88687289376313,70.88530368074225,67.88057151919129,169.12342791887932
2018-04-09,73.39626792134122,78.69424565135171,103.63102178050275,70.08111795747129,71.24186960591946,153.32248168242032
2018-04-10,64.29189009924283,82.93437165070802,123.28403061196644,67.56613526177296,78.38760502216786,160.92479927346693
2018-04-11,59.17845584363954,78.17856151714874,98.20500668630912,57.41574854710411,78.424960028567,148.96970490517646
2018-04-12,81.3886989305303,93.08378057116268,115.9093108532978,80.02870555077094,76.38515978419812,166.70216352455398
2018-04-13,64.85330829422642,83.78520813354406,107.13257862539953,62.79796199079468,61.35029653588599,155.86972748235414
2018-04-14,67.54068966048635,86.246452523326,121.10695997621151,76.86947384533326,81.81991971960437,162.92316086222004
2018-04-16,69.31509643065233,73.59955737245903,98.65631693266796,66.81820663034893,71.05232149484607,149.2288728583497
2018-04-17,55.880123948110956,72.71332582096998,115.47898784511943,63.348734309454215,73.90190493059559,159.3410911673518
2018-04-18,53.232055368323834,73.87882277058736,96.1671633846203,54.93530667983458,76.8876954857481,149.51674119859877
2018-04-19,63.39151221202931,78.98892229946769,113.17972424109276,69.3301114304447,83.06627879308591,172.6788180383281
2018-04-20,52.74323435372605,67.73667755571918,101.04512213631429,62.65569481627599,62.49867751863695,146.28518135019297
2018-04-22,65.14049197000865,89.295054925735,122.24497759363871,72.44565638237233,87.1174765258279,184.97977687759877
2018-04-23,60.90817009154617,70.46751718265614,109.89361614930382,77.14078450456144,68.89323474943532,145.055041265585
2018-04-24,61.126653034421565,84.27718265238138,111.65322865677217,67.81835170698338,77.64083113878236,179.9208247458437
2018-04-25,61.94112425817854,72.7470273456683,90.53136021315684,59.059002810475135,80.54261371011147,152.45714772269258
2018-04-26,71.58600537329222,67.72702435517745,105.86252881010458,66.97107544527647,80.50949988347816,168.38102152066335
2018-04-27,69.72077638866541,58.64065297508144,90.95145097459084,56.60882691663085,107.03281129171995,148.68028051984498
2018-04-28,75.19685084533876,51.965549477672454,74.05845045324273,63.23331322435791,87.53078609009107,128.49958605804673
2018-05-02,46.10329184243,63.555857075202695,84.743010942794,54.20260999865254,72.68875718634149,149.77024575303506
2018-05-03,51.63630249753051,59.77442924601915,93.76658681858387,59.674883653573985,73.49358983121601,159.12435328634092
2018-05-04,47.905986107889014,55.90240077610862,95.1791161998906,53.77984381999238,63.8821068644134,149.55089000935817
2018-05-05,67.11679787518909,78.8467108743225,107.69224047311191,72.91288922534653,90.21829775606423,185.17143136534355
2018-05-07,59.131482823590225,64.66423773974876,97.63626340515648,69.5367052168328,68.69362071309557,157.54633325707096
2018-05-08,55.190606504304746,76.25143598866885,111.9967398619841,66.57244127635086,87.14853221490145,189.56884401239964
2018-05-09,49.883546629071034,66.12057738679704,98.47578870028897,57.71526113456035,77.11203823870508,153.88222538357178
2018-05-10,51.045555820893256,57.96996648487312,94.26280505459354,61.73562374004921,72.75489199998795,156.73090567897304
2018-05-11,49.45407641487494,54.18262991825085,97.47047202114527,57.39116217843139,61.98118451506431,148.8403148038903
2018-05-12,59.455797437242886,74.6663243521296,118.4297355752296,71.84994143604422,77.44915664749833,188.10768195399135
2018-05-14,61.1426084968539,63.5492918113819,90.16937615195002,64.336909918173,62.13472943153524,154.09798244987292
2018-05-15,45.518766998861544,67.36288943328735,106.44219680671648,57.27648603568818,74.0624151984644,160.69075940226182
2018-05-16,48.40029437195993,67.80095666173003,89.00520358493898,50.18567787606625,72.26869391861703,152.04968071808912
2018-05-17,48.06513404849085,58.75402311667179,88.70235358665553,58.49920815596302,67.4543763496556,150.43583749130596
2018-05-18,46.879711116436056,56.45404706865109,91.9884577119775,57.569874002022665,58.784613547245094,143.7673247377818
2018-05-19,64.0032064984001,71.48409247568011,111.85801162259038,70.48954292061285,73.76215853572855,181.34599996026785
2018-05-21,55.90038667149501,59.2195003215663,83.89423831946962,62.20739681731758,58.89313401452531,141.44699571163954
2018-05-22,44.040099250327444,64.73465019422679,91.87881082055972,54.49240412575577,68.23974787729748,145.35385073175806
2018-05-23,50.15878087614066,66.1136838597852,86.84298009664926,53.069243790173346,71.46715976818872,140.63729330209398
2018-05-24,54.49752704693073,58.86612499641189,87.57830781876274,61.240817420434986,66.7438806459426,152.52699619911013
2018-05-25,52.94779941545301,57.697179773119,88.36581689281603,65.82851655547823,60.26118458608967,142.49944526780445
2018-05-26,57.588431598672116,76.53362750560012,112.83875991465894,73.11972479389685,78.01607080681612,174.75233057936427
2018-05-28,62.27711063721408,61.87974522175324,90.68342852090115,62.895453673776856,59.94700299008845,148.32962976902132
2018-05-29,43.65156214842606,62.57664797633083,97.14334778635818,54.32594402681654,66.21843048066182,138.94722354544245
2018-05-30,45.398423648715095,66.72097076320892,85.9468149163416,51.81385040415969,71.64099042550384,122.49750568460769
2018-05-31,52.119313222608085,69.63479897847414,81.76553639587539,51.20338780383008,66.47043545635205,137.74771894560453
2018-06-01,57.56304654539235,64.06448909996134,99.48014946947772,69.97383906623699,66.03018767376551,161.62154333072408
2018-06-04,84.13769077476708,83.39380350692659,114.0523333823082,87.54010251116306,72.00543275979226,193.55430250197415
2018-06-05,54.946009290612096,96.2173114543786,123.18992249981837,77.03367358061564,77.17816711310402,178.377372237564
2018-06-06,63.154300497431585,96.46188388395923,116.2896831652422,69.98934099014778,82.71450263378027,174.19809429094687
2018-06-07,61.53094746513464,92.19931013517291,109.73984167570293,84.29484855912152,76.7838314921462,185.62036848496103
2018-06-08,73.46085477676029,85.16875194807417,115.50498685830833,82.64131000863577,65.00462748544038,186.56025372014184
2018-06-11,67.03495715909766,108.7128046139225,133.09632995806095,71.92532038896164,78.76054213904415,192.71678412914764
2018-06-12,56.53936000929306,91.18721187511429,119.26427578793977,73.49037668671758,74.96726352449777,177.34865473087723
2018-06-13,66.79825238534576,90.43407265814103,110.31253104756038,67.75263482587465,87.56677189494629,184.21045017162828
2018-06-14,58.26677169894159,73.01404169592386,102.9429895528704,69.12658510582627,75.60657610596857,173.5856762888127
2018-06-15,64.70967360394046,74.30344193128639,113.53196912634193,74.37214088250118,73.49165028472399,176.7335229118946
2018-06-16,60.82591083086936,90.30092303284064,119.67283478911239,77.10187776028158,82.79355796962587,200.3659150165535
2018-06-19,57.13921639355158,78.58741576766101,104.1118243830193,62.56502671715202,71.3032134019608,179.61849114292306
2018-06-20,65.29111084629548,81.07018559324192,102.46628970395817,60.49330531450101,75.45937424928469,179.4221917242183
2018-06-21,66.94807406536475,72.950740596503,100.0984879941644,67.70871270812736,74.10508122106356,190.87359421907257
2018-06-22,65.47245394441732,64.97947771886292,97.19462449363701,64.15858758584002,64.73502701532338,162.96090240599713
2018-06-23,61.65616231275963,95.43529657222724,115.38203911141325,72.41351745983914,81.48918999432485,197.00148021456062
2018-06-25,68.08420738081232,95.23974106673137,110.065339982833,88.4927326448246,73.16812972058356,203.44453662447518
2018-06-26,55.524218435932504,82.6011011028153,107.77945414412407,68.06027419681881,67.38627803845408,174.36834106790647
2018-06-27,64.86955935118503,87.88476474510071,102.24435904000586,66.13508288446754,72.69686809881902,166.7986012719557
2018-06-28,62.30227276835025,74.86254169861444,90.71641428343847,67.71018908183315,69.40684369515773,166.54060775022947
2018-06-29,64.97114946374543,62.88208930254032,95.2353195506628,61.73272104051243,58.583283488193345,149.98451576343567
2018-07-02,53.98288704822783,60.77506008267365,71.40214580183637,45.86374667403833,47.286465440286825,134.79950517708676
2018-07-03,55.00413648790556,85.43888331639783,100.83774989779378,60.9298467202122,66.21944910182663,162.79981827972566
2018-07-04,61.70170857076808,85.55994589204086,105.55320188983629,61.270705031192044,73.43060633539939,158.98863495486336
2018-07-05,59.64943696950184,69.43556379330018,97.96171659196759,68.42710255312463,70.92887684411662,162.28100558195408
2018-07-06,71.76728638148643,76.08264039554523,113.80818594580862,72.52944214885063,68.32464707689424,166.21021264848955
2018-07-07,79.48796902770746,97.89724815408043,127.32586254898541,84.60172507895714,84.7581483361884,202.55315055731162
2018-07-09,73.60079705797281,91.62872221798295,115.1721353396234,86.00888336510778,68.51617804123013,179.43510074669348
2018-07-10,56.107802549030964,93.401012441002,124.52978958402619,72.97361550874322,72.79852130043838,180.94859131178825
2018-07-11,65.56844887347131,97.34238165537214,117.8186091934098,68.26977081722127,78.70575675450999,178.5166465458675
2018-07-12,66.00366075589857,88.4550709152756,113.95730148730455,80.09307993445032,83.1842303494104,196.28725183898567
2018-07-13,68.8299319324995,79.50533471100394,122.06480504061314,74.98297118444783,69.91340135395838,177.51885416313903
2018-07-14,84.75594301570274,95.03796076216572,134.7577965263213,86.06938310272122,84.08798959490404,205.05440075126248
2018-07-16,72.13669526971437,74.67205550056984,101.58300059750701,68.1023516277233,65.29563251226823,161.90365745232685
2018-07-17,51.041949267873605,73.26245887151808,110.28762033233222,59.64288288257466,69.79611738437362,165.2947090412054
2018-07-18,58.163657481664494,77.06629441151826,99.16543218022753,57.84926855310359,72.66119721280133,165.39470137790073
2018-07-19,57.4737033147626,68.08888676138534,98.44470706299718,62.10422155966449,72.93650244112634,169.4788146053822
2018-07-20,57.33949126718773,61.05836298077706,100.45711285765941,60.51756272974778,62.7567795236099,161.359109021996
2018-07-21,74.76481658980495,78.92940188179591,121.39264967821701,78.27290447906293,77.37926803803082,191.39410395248845
2018-07-23,64.05302546250455,62.458406372567204,87.46999941355622,60.32167088897464,57.319337000928215,149.9199857040523
2018-07-24,43.705892686839356,64.22311989017186,100.34069809280733,56.336150513909026,63.87212707750419,155.1679441619218
2018-07-25,53.72293264540077,68.41583807111516,92.54777601081254,58.18426963296398,69.19064299797387,157.32597549404278
2018-07-26,53.27306168010733,63.2417718280206,94.32310117480691,64.0914499178067,70.86054332682355,163.6608998283494
2018-07-27,55.0269395056974,57.77995549016636,95.26651858098185,61.88359918749806,61.331631456218624,153.3544765867411
2018-07-28,69.83870824382592,75.73940096509122,117.53425100130904,77.39556206153097,76.39828197253092,190.8130657462652
2018-07-30,63.370563715734264,63.040824423551896,86.12861355562569,65.1187431758147,55.354748378752134,142.38384195449444
2018-07-31,42.05495419870962,62.19519821491065,95.47841961363397,59.52769067055856,62.250520147895294,147.27494251566614
2018-08-01,54.19411392543126,66.4292178036022,92.36917043430292,57.315510124715786,65.65453439259164,155.1604737541049
2018-08-02,53.541584282226694,62.28017246921809,92.13403885045585,61.62530127829149,69.38803021270259,167.35595021331847
2018-08-03,56.02001468849986,59.646351544173925,96.41218227588593,61.34880738128126,59.44904693009668,156.78417525471474
2018-08-04,70.38233584394379,80.89467837605515,117.88891104544146,76.17301185304834,77.41867397054402,192.50349942298035
2018-08-06,67.24634878661148,69.05857294335522,100.90635696042477,66.37692442524873,62.378366964642474,156.6681612633995
2018-08-07,50.01063374184653,72.8895551253367,112.97907945879028,61.555685237714094,69.87981145005438,163.69359944202517
2018-08-08,57.12409353120431,73.62740209510696,97.87928480535179,60.53640132284503,71.75616640348015,158.0659321076269
2018-08-09,55.242693266524434,67.03011402444405,98.49971604340199,64.98000632800228,74.89733830820882,170.60071653291737
2018-08-10,61.38277718146938,64.1319847699462,108.17864094655148,69.19506055843374,66.23990148346441,163.36763967665357
2018-08-11,72.3757732798563,82.89269889905563,121.13913538531158,76.74959906743595,78.53213686251908,192.93644543119484
2018-08-13,65.43555439676248,72.35200689584701,91.71745418159517,61.89818302225289,60.103816627385875,150.59192846826235
2018-08-14,47.46028386307121,69.23323476807555,108.10059306787957,59.25178834766213,69.17170609819216,160.3310064124967
2018-08-15,53.72548795620483,71.95190561365148,92.98960167235313,54.49097062930787,68.72448166543708,150.6659203462461
2018-08-16,53.06540512639046,62.913321583829294,93.9340797990665,58.652827696656594,70.13887034369473,155.01660981316994
2018-08-17,58.73489267560207,62.34765544695094,101.53996083622552,62.44624515302495,65.21393550698849,153.17999627168035
2018-08-18,76.77175081012338,82.51812618406879,120.45441550022652,77.7795087270211,79.30053416893541,190.20564085397746
2018-08-20,69.78618988401662,71.42510834875159,94.03946090107078,63.3322077826373,60.083939985930094,150.25838824323097
2018-08-21,53.83123256874226,72.38640998253436,110.25300207631702,60.57646338393202,69.9227118678631,164.53338253825044
2018-08-22,57.15332107939012,74.27212917158411,94.90490320128093,55.05069016310114,69.6066732687162,152.82470342327736
2018-08-23,54.62924315404024,64.46013728911774,97.06291058076236,60.56792556763479,73.84867983273755,161.47977563615967
2018-08-24,61.438933481916266,63.409519949512074,103.82475485405584,65.20987061292766,65.60219257009142,157.13056930264756
2018-08-25,65.4610781177236,76.92870294038153,126.58263324427179,75.30472681056843,85.0009104613031,192.6527402263347
2018-08-27,67.30414708414746,71.06586073199728,94.7929357804014,65.00759004219333,61.43555160492323,148.5745374431466
2018-08-28,50.053982464998526,70.05196207145214,110.78945774870756,60.596822792025414,71.47640267499003,160.25965121613376
2018-08-29,54.8683179302118,70.65269289283874,93.22045214893126,55.67050278852489,69.75177275134338,146.63212705162238
2018-08-30,50.92424092221648,60.38932589705626,90.3629777048964,57.55341965961354,69.52087243309873,149.18707154217904
2018-08-31,53.95076995682805,53.13755218205776,88.68149049604058,59.753549243899215,59.53054116006538,144.83555811224872
2018-09-03,81.39758703870545,85.8126623951697,116.21785824120686,80.4580764913875,73.30766640688917,180.49012421729017
2018-09-04,58.96598056866899,77.27518684611077,132.4449396038929,75.29786590250751,82.10597857956405,187.80888995416467
2018-09-05,71.08367392293951,85.12200003092022,119.10296753867583,72.7407599259272,83.95859331994153,184.5383561432776
2018-09-06,69.4207305248937,81.19621970204228,120.56087456246584,80.87624590701796,92.6443564043456,192.48832733497315
2018-09-07,74.20994644380096,80.34167457168138,129.84166958676397,82.54360141334091,80.70923493621636,188.85364381042024
2018-09-10,83.12808631957297,94.48382678240063,116.63445725814528,81.85970434177798,76.89486121355841,183.5503823879055
2018-09-11,61.079678190513775,87.32311838781204,133.41896251019253,69.49139348947135,83.18153171554388,192.61021528486967
2018-09-12,72.06457007464431,94.59491764934754,118.90319712745968,67.0414909448981,86.61267106368632,187.26626145672174
2018-09-13,68.01465215023205,83.99532975126886,117.51958801751856,72.82154265394671,92.02278278408008,197.43614532595748
2018-09-14,72.89470592287697,78.19353801287194,125.05476113735676,78.67059231657434,82.6053560468498,187.60675279501953
2018-09-18,61.15601252138574,100.08432566786807,133.98415735482874,74.94964482549159,87.12964023720599,203.57237082843253
2018-09-19,72.48097384955089,99.06551797356002,118.15964938248722,67.5478560918252,89.73699592245852,198.01549162197168
2018-09-20,69.44515751077273,87.75456872918535,120.88194769016998,75.64684728755185,93.05993681935573,201.43971023924993
2018-09-21,75.27481035946492,76.96603140783799,124.921707220209,78.17183024993147,82.5421772309129,190.1629929367927
2018-09-22,94.92784718576175,96.15417766387938,126.47400292026623,89.55820328353492,87.63317918338579,207.08762687412724
2018-09-23,69.95013113567383,93.54194997035289,136.46482085421223,80.84323896131475,98.32725308113066,221.5085683990044
2018-09-25,62.40560551775986,93.3953261852387,133.30372492952895,75.67345806854651,87.51665777435244,206.3865818952195
2018-09-26,74.28437241640114,100.98843441578991,123.74450226379199,73.77477884457707,93.08622979964085,202.12372118789264
2018-09-27,71.85732236632693,88.98492381798718,122.70338379243492,80.70365598456684,98.76002795541199,221.8960664515354
2018-09-28,76.02517683193636,80.96530261792698,129.33523074542663,82.37709395511713,86.46758677678929,203.2988800091772
2018-09-29,86.5329791481171,85.87836742074855,110.2853972629662,89.0541190606931,78.54148274868052,190.1118908459976
2018-10-08,86.47546079398865,80.1099609561703,117.45149574188939,82.51870771511949,75.579743473157,187.20685207446962
2018-10-09,58.612311715343026,83.81400161350268,131.16094311266585,76.58343615023975,82.37530739665779,196.96399649337147
2018-10-10,60.85067939150077,79.27322083645635,105.83267409699705,64.9720954249776,76.2191120051839,176.36405731953164
2018-10-11,70.23112196499419,92.19135131312693,118.75822585914133,86.00528311206543,98.07906149463172,206.53562965445929
2018-10-12,77.73116317662868,74.16395420312881,135.0387511030281,88.27428462818814,85.98205196842925,193.4537033356762
2018-10-15,86.93513842048282,88.61628588443835,122.76140016219715,92.193695952314,73.81532880697229,184.28709715302105
2018-10-16,62.18622439545101,89.24446275562912,137.59451434134914,83.16225701376837,84.14578411808199,198.16038387581867
2018-10-17,71.41787374191661,93.96911317681639,124.01862483210701,78.60375310358816,87.18982732703223,188.6364637829594
2018-10-18,67.51905990907153,87.97034383023882,116.01797469475417,84.77023891787168,91.3123814813898,198.96278237770701
2018-10-19,79.10121095786076,75.0586088194514,130.82045960432765,80.48751638304044,82.17080218019518,192.36698479662
2018-10-20,75.18293469736454,104.57261406901837,134.7523135657964,89.57093791656732,94.19244212037799,212.15454835884802
2018-10-22,72.44171195971998,87.23397699452454,118.92205683595678,83.05244361543937,72.46990913528376,178.83979585231603
2018-10-23,58.20331004298152,92.46138209486053,132.9826723439942,68.90434208137567,81.2484783050766,185.9294592963359
2018-10-24,60.95850057050643,82.96731299130381,102.00223462819233,60.34050142824724,71.4190340299389,168.83411619741773
2018-10-25,68.1782067167262,88.02363937926518,114.84124089606233,78.64707235000691,91.14121756874458,192.77218980888932
2018-10-26,76.14116019022505,76.90618785236538,126.90062540686927,80.04612356767905,80.86211143142845,182.6456251788896
2018-10-27,86.16601992488009,88.18525566703426,134.78572304986469,81.10177913422847,84.06461360405076,202.65239109354854
2018-10-29,82.80055560954534,83.83354331481235,112.86155723382606,76.18554084980087,69.59435540284369,170.79551497605183
2018-10-30,57.72314639247626,89.25156882883263,128.72466964113084,69.66733127755772,77.985309628792,181.90589458751037
2018-10-31,68.75540942833655,88.18281541902391,112.74064284985032,65.65325937792424,83.7059285217322,179.32351378655846
2018-11-01,57.88100121263605,79.87699140222009,101.8017375035746,67.54946792927865,80.89109303519582,173.05389295663107
2018-11-02,66.07299341249032,63.868604715078455,112.46489565402189,71.7582344447898,73.0346142487686,166.67337619096847
2018-11-03,83.92365489819143,88.13952322732311,131.8294691039785,86.020053295536,86.15412379191629,204.27042319754133
2018-11-05,78.6489357736911,74.87328769724745,108.6460770184994,74.58282709649693,68.318404830809,175.84111341506028
2018-11-06,54.59815299958273,84.71194138805684,124.51890051974492,68.05361450504473,75.47702672485616,169.54089473416548
2018-11-07,60.62576213479826,82.96099160819351,105.1298104709171,59.93994124689913,77.16283547804046,157.5716656575637
2018-11-08,59.58637690772869,83.7344172778264,102.76914866331084,75.1651678350349,85.66085044911901,169.38322162124882
2018-11-09,68.80434513059836,76.40419926016774,122.97282844266556,75.90183915799105,76.56150361398315,183.37606560070398
2018-11-10,82.4672238008197,87.15620803564218,125.57488529966533,83.12390014447308,84.72829409603507,199.98293962068956
2018-11-12,78.93912470245283,79.85030960268526,108.23363086910528,76.26811707834355,67.6345847917398,182.23590157480368
2018-11-13,53.1135134327662,87.06201884838401,122.80798735048474,69.70941019742477,78.97809521175814,169.81634983437547
2018-11-14,61.736319291078345,87.23493077004477,106.27648631839999,62.167446015334995,77.72604255532757,164.3335553397467
2018-11-15,60.014783785971716,84.40111574931997,102.94188839115867,73.37047461667848,89.61473742615985,174.45111402049264
2018-11-16,68.78371558589967,76.80823793883798,118.72404929170473,72.98190450079892,79.93450747623432,182.75087537326115
2018-11-17,71.42890360768061,90.69247229097753,132.19815619155625,77.67759616005046,88.14449039205711,201.45538929734082
2018-11-19,75.14878968981145,73.70864447339615,100.35044905449924,66.6714983823663,65.7186409620517,173.63111066662165
2018-11-20,50.48187118070187,78.97639403870042,115.76549510600091,63.032040244931125,74.16154828679878,165.43176490593964
2018-11-21,58.159156240323554,79.97332309404712,98.51144061985688,56.302197893735276,75.279817600563,154.51002176596648
2018-11-22,57.80948545768056,76.79299119624665,98.34488243296585,66.02742541006103,84.76595772693113,165.5371668887291
2018-11-23,63.303820862434655,72.7297342956574,108.46543865498457,67.2414926741508,76.10747206244707,170.99055887266127
2018-11-26,62.81102134417142,74.61963734322806,97.5213638099458,66.45680739159788,64.92824481451125,171.13585198107415
2018-11-27,51.32080599844905,77.09203526116295,110.40850302906607,61.511369553130564,71.92310341993183,163.0293562541708
2018-11-28,55.4247100905107,76.70289680820697,96.49831878159853,53.4680024501088,72.193096228059,150.6956048227343
2018-11-29,56.43349482627718,76.24792014860662,94.41994734435193,66.18107008077071,86.36026699186695,162.24821235888123
2018-11-30,62.528837633253445,74.70557352874283,107.12061007794264,69.72930169497201,78.41644778483891,170.25257304862808
2018-12-01,59.275620380801215,86.37451953432546,124.83803227987704,68.37340352379356,89.82373571027846,179.96992580754448
2018-12-03,59.767074856073464,53.130430790369786,41.19270835468437,46.61251049723728,59.669523549628664,139.5067465367973
2018-12-04,37.67839010598519,56.130346739362416,47.95410723255682,44.503532425102236,63.67905102765214,131.71092000080057
2018-12-05,44.157980246923586,53.0253558499756,40.199575956376975,38.857678505881225,65.23866225494059,123.16944922504547
2018-12-06,43.92709898511131,54.01538355469464,40.40279565449404,46.791401841117924,74.62156859878323,126.58876716648756
2018-12-07,49.86021048051986,49.171376001045346,86.19372709616022,49.692997885687994,68.69734899202228,135.11856118681018
2018-12-10,54.03680477931135,52.860879247298286,38.130965631528895,43.88495633240652,57.20052032018403,127.89671542109718
2018-12-11,35.431623098271906,49.77859299327302,43.97704485795663,41.31204619074968,60.82515335150135,120.43966643881613
2018-12-12,40.57723261540602,47.96486223822775,35.79386355682652,34.03650290536299,57.898220376651814,108.7363729258308
2018-12-13,37.847822349795756,47.98070268150325,32.94576592894058,40.4364484985628,61.031008783038864,106.95301391432831
2018-12-14,41.73760484854525,39.96543838409796,35.43124104717525,39.48272055076539,51.872413874940555,106.64668864194435
2018-12-15,47.755803161409915,56.506259167132924,60.139460283627145,65.13059197734765,68.5811200725981,132.7677181771403
2018-12-17,32.88069745992263,41.94153368271715,30.18590644506977,36.67003134878661,44.22689582454942,103.517014893697
2018-12-18,30.733457886975543,22.970014416536138,35.38893508771594,33.563680151582076,46.244910028119904,94.13739571177061
2018-12-19,32.62763878168868,36.15911186868818,132.18469356463243,24.90469251254011,42.808465142261795,84.49178913986333
2018-12-20,27.655041062811826,76.73326142327511,130.59188375719575,25.543878827836533,40.85007802920563,66.81075507633227
2018-12-21,26.46483920928341,74.18189276229825,118.01078309843915,23.029566377887587,31.9060144520583,61.98446392836633
2018-12-22,61.6148494628429,63.86577294146551,143.60799894868566,56.64378946800189,50.62224391722156,89.37591057318502
2018-12-24,35.301864249578955,32.030432332621885,21.788928955957765,72.8505620599062,31.554246166748975,69.95195393383764
2018-12-25,19.3959649175567,27.091118111931642,22.6835489058099,24.422440245151023,29.76385601506252,55.81413273627227
2018-12-26,13.678372429459994,15.33420910915821,145.65325809271872,10.454636444711369,17.69094762217061,96.64213774620583
2018-12-27,75.50820863172451,107.58850617000144,188.4429752635708,71.50933142958169,33.61301589038162,94.15290081782676
2019-01-01,87.24945456455906,121.67878494298026,189.6783599947256,90.93407388591507,39.49306577636627,84.62676003071843
2019-01-02,105.05697585560794,129.510158904548,187.53551822774241,89.61102431302089,90.69195264807543,187.85849369539645
2019-01-03,113.06248392049498,127.51061381412254,219.5491590180728,89.77564254513626,106.01796830670676,204.4280472241478
2019-01-04,107.76800277136091,116.04271821555236,140.9998078160114,112.82010196053574,107.01112283279538,245.70310791403776
2019-01-05,78.10085895702443,135.36261843153866,171.94111261353228,94.83143640481379,147.84068740041653,302.02768371549297
2019-01-06,83.11877496496984,125.73374529121703,215.70924843338798,76.52132715335398,142.97113773006467,312.3275099971989
2019-01-07,109.97507471996892,160.26915250371815,230.1570772020654,109.2250234618361,142.69243912036356,290.7083750316803
2019-01-08,113.35601859259444,166.5036971460042,239.0932074808443,117.95189010696839,144.54437751340103,267.89845339166925
2019-01-09,110.0478136169828,149.0210007996803,209.56607790441848,108.3035780845438,159.5256480758162,280.33971883519433
2019-01-10,128.32422894653527,129.07031583028598,229.53912439054784,120.44133328442373,167.1483081546903,264.94272765763543
2019-01-11,117.89972578270245,150.15403434402242,185.28276691284003,117.64068794130817,143.83236976421017,268.35358412215936
2019-01-12,92.6997453005548,144.67847838609825,189.73688334211923,117.85339119695291,140.96376192113297,283.9282887741932
2019-01-14,93.18234255090898,147.87241563332407,196.6883471213337,105.2508908982042,124.16889692864495,264.4396408064376
2019-01-15,108.2757547169662,144.78955409979275,205.3721149649194,114.57795011955878,126.72395951254785,252.39577778206012
2019-01-16,105.2388214268512,126.72472295768667,177.41314708198405,138.35722925692127,141.56876349813376,243.2195098095103
2019-01-17,119.47104363545154,127.38413228388242,195.8200246863869,115.46000885994432,150.617140182303,256.3859079914346
2019-01-18,122.9360249368881,131.81046618871332,225.25802122755422,126.59902627579443,130.06909175177802,251.57788475753966
2019-01-19,126.4848660970421,136.4042209243991,192.17053982754027,126.49584797305005,132.07241859991308,257.0041688090749
2019-01-21,96.99547387600742,137.9163843153532,173.28838906010438,104.09041972202701,115.36888185382978,233.8360352022046
2019-01-22,95.55142891188505,159.69856447684833,190.83908226484962,98.28328630506819,122.75943534496658,226.46798443007523
2019-01-23,98.51689614416578,129.6162115359432,153.44487533862912,81.97503896012346,124.33919663186262,214.84939266480384
2019-01-24,106.19856194174616,108.5993156894403,168.54386657964903,96.28546244135583,135.6672455918458,229.881736358491
2019-01-25,103.55712406069313,132.4927781359129,173.0416427307913,99.49222051548406,120.97119395524136,226.3100006814796
2019-01-26,113.23210686496567,115.61514837549477,174.61652114631275,105.47671620677743,126.18973975227098,221.0414570051734
2019-01-28,114.85830247848266,113.16775039897047,149.49349194020948,82.21658199524977,102.10629630957034,206.9270415238907
2019-01-29,83.21586349470873,98.29657789542773,155.80780659650756,85.57833163481592,105.8995757145376,207.4252422797711
2019-01-30,89.5518346483048,93.73542653244229,138.72252552098794,68.44793240174482,111.94908992228996,192.94448445746923
2019-01-31,96.68459622157684,106.31181194660016,148.41846057593355,79.03594609507175,119.46363520622455,211.69858505106092
2019-02-01,84.61340995847594,94.17169186215187,138.7282083650083,75.4268858775109,98.59158478646154,184.85124766894336
2019-02-02,95.2004354256187,101.19070390696683,139.99202061868564,77.16546890822853,101.4863975904932,198.01071475282393
2019-02-11,64.74606876873924,65.24321340830369,86.72834086032667,49.53241298234718,97.19801346611533,139.01330056446687
2019-02-12,85.87432289551924,53.984262346732095,95.55550992510521,47.36509585862861,59.71756655104206,134.61393730735242
2019-02-13,46.24314786309238,58.122468765826774,81.04389558837833,45.58162542182806,63.508490025244804,131.17928720473853
2019-02-14,52.696595109959844,53.635419575058854,89.75213899297773,50.17311314210181,69.8344897654708,142.22957623070172
2019-02-15,52.359608409857,58.23464499559597,89.797931242948,49.3428507345019,63.16066485472051,137.31767732050196
2019-02-16,69.16896341460449,71.99351615213045,119.15621463476748,63.29080041639345,87.77821001236578,166.32297517528954
2019-02-18,61.25592934318429,66.97460712612481,85.31096169458075,47.50861674200613,51.86078130141085,128.92145151431947
2019-02-19,42.520140551752085,55.78954055874706,90.0018996530719,49.43678860999106,59.36425873990683,126.57002677973799
2019-02-20,45.62515232004664,58.666312622632624,78.26717432095137,41.793416159283005,57.59046324812793,121.90583365490295
2019-02-21,53.58872221635456,55.18598183677084,81.64523337644924,48.77129694629225,66.47653364539774,131.90867138587413
2019-02-22,52.129779322031766,60.86125563279323,85.2265898933535,50.27615810067251,59.42666409039032,133.6593968750434
2019-02-25,66.18773849570982,66.77909998281278,88.44999526946465,53.19548417736448,57.44984964187054,136.49504318594364
2019-02-26,45.857700332362505,64.30008964794341,96.13286129652504,51.44574367790294,60.99808564197081,128.36975088079663
2019-02-27,50.50786089500616,62.80182006477046,78.73465783987845,45.09338457884578,61.42524784721829,124.26598997603222
2019-02-28,53.93642467768516,58.18117151463832,81.95856642752774,50.644657666101274,68.52929879179277,129.26901952253147
2019-03-01,59.3599490653572,66.20475612227713,92.74450468905462,54.468566288461325,69.40808426058882,140.46507350171896
2019-03-04,78.59427097758821,70.20561579830967,100.1524106458468,61.01078142794389,68.73702970671819,151.00857823743627
2019-03-05,54.501483835998194,71.12908861429065,109.9199953208725,62.11647315104151,76.03020581453522,141.79534209446288
2019-03-06,61.786800546323036,72.0651140419192,93.4660859541278,53.77563321753535,77.45732338831188,146.76146910196547
2019-03-07,65.38345539813749,62.56754180185279,99.81274269933166,59.26040361857359,84.71624943336245,147.946907766481
2019-03-08,62.30512573311331,69.63751502571462,98.74789410626883,60.60448103356049,71.5234288573794,143.44568102728127
2019-03-11,80.95702233898223,78.22083871745014,104.16761540122248,65.88524646799388,76.96491943884367,158.7583098563164
2019-03-12,58.209575745612085,81.62145532742646,120.1647822029655,61.88834469211002,81.74398913876901,148.3974580878268
2019-03-13,63.625797736059624,72.69483672623863,101.0736628621899,56.244207282709134,84.65495984735928,147.22494387884876
2019-03-14,68.35739616115464,68.09924952563138,108.12977664013175,60.384710320002,88.85737613594209,150.7607327959535
2019-03-15,64.13155053684176,76.01348097833466,105.84928431433735,63.03962411724223,75.8700559365579,147.9834953795833
2019-03-18,80.50822625663092,76.77842952449375,107.29926672517223,70.93674375094491,78.78994494404029,164.1624428606726
2019-03-19,59.15440960319376,78.0177146380623,118.93038379834046,66.05506065807278,82.9752836389999,159.21769822446362
2019-03-20,62.19273622182838,72.55599723377316,104.97406629264188,57.94120949094726,87.62456362738912,152.23355053065455
2019-03-21,68.81228794581291,66.38714937333793,110.12440230039836,61.22314413992176,89.30310132950694,158.3006320778727
2019-03-22,64.62530242370701,76.2498884976971,107.36462391510405,64.99077776432327,78.12315978857544,151.55197556657686
2019-03-23,71.186106506395,82.30739060691509,126.92295733796625,71.12593207653111,94.03894578133892,169.56254426937787
2019-03-25,85.83472712874763,99.52281087445111,110.63665111655952,76.63254722265168,86.5018067221855,171.09147155292487
2019-03-26,65.57432707662475,84.50627371333924,125.60723643354761,71.74212648688957,89.22928817484677,164.87765942225218
2019-03-27,68.47550039335235,85.72349666098178,112.92718382225648,63.56901130711906,96.61591666999065,158.83965789999328
2019-03-28,77.82878411131966,73.91339101148014,122.90429038732442,72.26334588015187,103.21166282934128,167.4887795718616
2019-03-29,76.50506425721986,93.79406518602288,122.1813830343396,80.10822960527325,92.71520453541727,171.7433962954755
2019-04-01,91.80445962362958,91.33376872555286,111.06230143391066,84.23359765862537,82.49145430003084,179.49722676858352
2019-04-02,62.65306013023504,81.91967218695628,123.56037016842654,71.8064162757529,86.05571744256986,165.6585126977907
2019-04-03,68.39255395879226,80.46442629914482,107.52852340137112,64.86641041679339,92.12377397804426,157.90816146180381
2019-04-04,72.41465890419133,75.13903144403521,112.37805771555506,70.77572044510457,96.53173712771942,164.854029443696
2019-04-08,68.08427073468012,88.53967383526768,117.7260623332315,89.04096472047804,81.42799204319729,172.75734311917645
2019-04-09,68.14138678746487,89.9784000998746,138.30136515794038,79.4774215683468,89.52927020970186,167.1410277129823
2019-04-10,75.50489171924825,86.93897931096568,120.8115592919208,67.00573460197894,97.74875241178835,165.98942271340337
2019-04-11,78.21570584074458,83.40226089938214,128.30344248033902,76.30510941945737,102.38601642795629,172.43253634304483
2019-04-12,83.67525689640352,96.27788308187262,143.0491902378114,84.17171006612537,96.97986508540025,188.67955056780963
2019-04-13,69.57518689822246,95.3323501225966,130.7826842508469,73.7664279622345,101.60766177561335,175.10293467806582
2019-04-15,90.08726130736923,83.12750348815261,109.08248841309793,73.24854998987351,110.97275306235916,172.99212711296278
2019-04-16,60.63000194297281,87.77958128713234,120.88437169704575,70.711540719549,88.28850189949544,166.90910461270275
2019-04-17,68.45391649989045,84.37008296229642,109.42050527030986,62.721928932232856,98.77574348675722,165.28278201723913
2019-04-18,69.4136113973144,77.74761286454067,118.08784303023616,70.7245294735305,100.65185848821645,168.0406833577345
2019-04-19,76.16482488640057,89.24014383528548,123.91929920465608,82.5083855121436,92.52327369323885,175.0452950196317
2019-04-22,88.07620883466971,81.56554463205435,112.63888962112017,81.23166740019894,80.0361021178798,171.19853761047185
2019-04-23,62.08212170436488,94.88871568687932,133.69308134533236,74.78618924797563,91.01112238361888,175.56044657707832
2019-04-24,75.982833498982,92.18044688496717,120.02031848218174,69.07648580658578,100.1852143920505,179.94314470316706
2019-04-25,74.76930349366118,85.60088983139792,121.68758948204034,77.28232214547606,106.70065075839825,185.3950540958407
2019-04-26,81.04543370648089,89.94194300038872,137.26849362518874,84.8616421158477,96.3572365498746,187.68128946019186
2019-04-29,76.89412440435954,73.16693021872078,99.20509593092535,70.42502408760451,70.4056527568851,166.62854632280863
2019-04-30,85.22092682992226,75.23795930253596,105.5264674265124,62.24822143408461,73.04784960920439,154.07704360381413
2019-05-06,81.74271191198821,79.94164461428086,104.69857076485886,71.90081889098832,70.90336978762585,174.2802878266919
2019-05-07,54.58375187885016,82.25571585948963,119.91109597135298,65.14905407930672,76.47432416200967,161.3074870842653
2019-05-08,70.17655609537204,84.30460540560864,115.30294306785048,64.3514236781516,95.73970787009453,175.72017057841543
2019-05-09,64.20731985765765,80.79987592981634,112.05931079911677,70.32548935762652,99.4253686491517,179.95725239580594
2019-05-10,71.95637423964467,77.43533563305573,118.00653961639459,77.4308918269359,91.40373264164141,179.32025707353014
2019-05-11,68.17857701146654,83.92442447784609,115.82563323648108,72.64367615178469,87.09512382494087,177.37117954975562
2019-05-13,84.49819745992141,78.48656451755625,103.57843338321383,74.83641007467791,72.4931485674412,173.5214358307269
2019-05-14,58.35179422360513,85.58910300535432,120.15396013665624,69.42231814184927,79.43565539633968,164.1434069621326
2019-05-15,70.73217881092381,87.34051795206462,116.44453756496013,64.55415315659847,92.82729570368609,176.01380340426783
2019-05-16,65.27064710795388,84.3938857770787,115.72714834172655,73.01640048727307,98.67685235337042,180.86073801381332
2019-05-17,73.41445602706803,80.4161602907323,122.89762262646619,77.97188341267889,89.66483253953727,178.8563665587381
2019-05-20,82.12206417671298,80.68229178100792,102.27657512104089,73.46969448964299,74.37826030749677,173.64803770198967
2019-05-21,53.43637766062996,87.19235052707175,115.20610121929327,66.09968069734214,77.80659587797022,157.9104950452993
2019-05-22,66.5051107182763,84.25350663980981,107.74168344128589,60.816186031527934,85.59891238864373,163.75354152948825
2019-05-23,61.21585628439941,79.06669697387439,106.4018479836003,67.68696899207298,91.52521196272545,171.49181992456028
2019-05-24,70.13168033874294,78.50062142710685,112.14703812075095,73.79732658683331,83.36027400160106,165.39974547171047
2019-05-27,70.8464598691191,68.85169277004071,89.2162175842475,63.96456723894312,98.23734825339679,146.2130136027449
2019-05-28,37.51499163285774,64.05695690562482,94.01843395681955,53.23660918285505,94.25100017044224,130.32324500789446
2019-05-29,62.831003220024606,81.24589787069225,101.32771489115784,57.73044595509351,78.04282587510819,150.9836454353074
2019-05-30,59.08615935962874,79.02224674637654,103.11530148393733,66.16422004441323,86.34160931575032,161.68919077708313
2019-05-31,57.746732115156895,63.74770489551153,94.34029068878908,63.587581523404324,72.0561503510266,137.79788022577907
2019-06-03,75.15130320475669,74.95796442162464,91.82288718768653,66.48802983782804,69.54944020489373,154.49721273812247
2019-06-04,49.18270563745354,78.47151804243431,103.27995751953159,58.409046115495336,71.29212867979761,141.0532955571269
2019-06-05,61.21800121037876,80.23190570954597,98.08695703992068,55.29877524901367,80.40252413453557,146.8592755357183
2019-06-06,54.39473294006295,84.66847209813712,116.39680100985719,66.70264637761044,88.08702052036848,160.8291839173292
2019-06-10,86.37234480925528,85.53435376094205,110.676473906881,77.12011313544703,81.15737951439712,175.34420568301664
2019-06-11,58.89213715205125,88.52699379052285,120.88099547824064,69.20580870941987,86.41805044522033,162.4773711789964
2019-06-12,68.67930861412957,88.12238779427103,109.23278453851142,61.7954305365216,90.48918910366001,161.29850357018668
2019-06-13,67.58615058721077,87.27288624272303,114.36497616269044,70.74896400909573,100.63348240916766,177.1132671656115
2019-06-14,74.58274586046635,87.56441541052497,119.13079916878434,76.00044604924966,95.30513609647338,171.27707442915408
2019-06-17,92.14928668425938,91.25452091978836,117.39443166445741,83.44239092328732,84.47233582470325,185.37902167612452
2019-06-18,65.2789057261811,102.0703670722938,133.74026876306712,76.06795315108391,91.76952391922629,176.66577631797338
2019-06-19,76.4586779758443,97.22839827356007,120.80465289649901,67.58088424414193,98.31849147524768,176.8098094655359
2019-06-20,74.76433102174204,94.29961339416275,126.41081260881089,77.50499869632736,104.67694430079172,191.61881125350905
2019-06-21,82.86425769775957,100.74138175910026,132.00105972343968,84.4336994355745,99.96772347042487,189.0528170256937
2019-06-24,90.38910071290812,88.87230571874719,114.03384258233221,79.58459775452273,80.99965985692731,177.2158765319489
2019-06-25,59.746508772387614,95.93780206851257,122.51904586116827,70.04118532451241,85.37448468275477,159.19349142150938
2019-06-26,68.63343244759163,92.39612177440779,113.50569588780206,64.53564838844143,89.89375948333225,162.22958856102608
2019-06-27,68.95360586091921,90.51087448327667,117.7134413608666,72.8844703572609,99.20831848505938,178.99481891648736
2019-06-28,76.2062630846418,92.3771172654246,121.58891663945268,78.01691170516625,90.59060739301862,175.7097990549299
2019-07-01,83.51755053505246,85.30241092460044,104.40711830476198,72.24077077932304,77.90455057751917,167.40863603240058
2019-07-02,55.771727949288696,89.14123540264742,117.89439139748241,67.4553665993892,82.4136000038198,152.709561348917
2019-07-03,67.57633565254991,88.541060693373,106.33916788206027,60.74768600035216,84.04964368487951,158.17016851871682
2019-07-04,67.30408735808278,87.16868667662446,110.7402659795063,68.64808131900796,93.34499923973316,174.99381148388645
2019-07-05,75.10527409810095,88.4053523992377,122.03444303374255,76.48914711855564,91.36486700670456,172.12292834487786
2019-07-08,62.32185138157695,94.94037574640092,114.74387019754775,78.5274031782379,85.96485354961209,183.96221324192197
2019-07-09,60.44303861334676,97.38121365641187,128.14208937305543,72.66717777471949,92.06182772517653,173.00465860942347
2019-07-10,72.85481877189436,96.81162109792851,115.73187181126012,66.59355748795733,93.72594078311715,172.9874447864714
2019-07-11,71.05484623509378,95.10571049911506,118.90991181823048,73.18774645850688,100.73946604050776,184.43750602009894
2019-07-12,78.07062602488665,91.87069236074893,123.845906727433,79.07227782630508,91.38587130232975,182.49597805580342
2019-07-13,63.75690971448676,94.67961471791335,122.01730353621144,72.2766170253908,96.27204906597767,177.40566838059573
2019-07-15,88.30657431060317,91.04688567381494,108.13113908743375,76.32800048923616,81.76934097255283,177.7216286276933
2019-07-16,59.03400679291767,94.26584818301575,124.52699720156664,70.01840182486008,91.52545439416618,165.22955731136628
2019-07-17,69.81817304713307,93.42082512897045,111.85057340226625,63.0779964024828,89.86019564737327,164.20724749271199
2019-07-18,67.48232185302169,89.02769916783562,114.48435255897495,71.48020462146602,98.35356900562904,174.14344863005354
2019-07-19,74.78327683471682,86.26077907501508,119.55545716660968,75.9050384336589,89.68986990466723,174.9651217789663
2019-07-22,78.0727805077925,79.11831775776454,100.5896482398648,68.74453963394504,75.00557588495985,166.20500727865104
2019-07-23,51.49018282910801,80.50311577327193,111.14158191544362,64.42362817296413,82.53504302216176,151.19436239973473
2019-07-24,62.62807600404831,82.6947091543358,101.60019998712032,56.12955278719411,83.28967007953197,152.40984956485127
2019-07-25,61.42822488756949,77.25701160524406,104.30048292749863,63.465743517686214,89.62991218806445,160.17347498094043
2019-07-26,67.9735439555566,76.69468230757356,108.8823642989431,67.23221105332443,84.05040747744769,160.60573320173717
2019-07-29,91.8358131724758,89.73710949696684,110.87556678076517,77.7178423207303,85.08496451105896,180.6075260456101
2019-07-30,60.25109377264333,94.65099214454058,125.95243318545069,71.24001576185088,92.24494699339972,167.45664347196697
2019-07-31,73.28806569805353,92.83575035664911,116.13586318677037,64.3621934128554,94.85578093960996,167.19212439260326
2019-08-01,74.80442424979174,91.6446,121.232,73.9024,106.7252,183.9352
2019-08-02,82.79432535352646,92.4132,130.4348,80.5224,99.0564,184.3576
2019-08-05,71.18299497472383,96.6924,119.0952,81.131,87.5612,199.195
2019-08-06,64.17784732958603,99.3684,133.6174,74.98519999999999,95.4646,180.1684
2019-08-07,80.707995919809,100.548,125.209,69.50280000000001,96.6118,181.6584
2019-08-08,72.4314582761606,98.9648,123.592,75.8056,105.2372,196.9004
2019-08-09,82.18660940159741,91.6092,125.0976,80.0744,97.604,184.7732
2019-08-12,73.78161166654762,100.4188,120.077,83.7416,85.949,200.2808
2019-08-13,67.3727935024536,113.545,137.377,78.5032,96.3894,180.662
2019-08-14,84.97415767623161,105.9252,128.1922,73.7444,98.8604,185.8554
2019-08-15,76.13903271724094,108.6164,128.5292,79.732,108.3232,199.4564
2019-08-16,86.9477553782543,92.7092,132.7208,84.384,98.364,189.178
2019-08-19,74.18466135279444,106.3418,126.4686,88.1514,89.4544,206.2618
2019-08-20,69.98918394639847,110.5028,138.2594,81.16120000000001,96.6642,183.719
2019-08-21,87.15060910351575,107.3502,128.9512,75.1298,99.4532,190.1254
2019-08-22,77.6984707301882,113.0248,129.2948,79.1676,107.9448,203.2284
2019-08-23,87.32430260577084,87.3948,132.0048,86.0564,99.47,190.9908
2019-08-26,102.44599129419164,104.8952,115.6938,83.0982,84.1506,191.833
2019-08-27,66.99286537951605,104.0198,130.9214,77.1364,91.2266,172.2982
2019-08-28,81.83879978515958,101.858,121.4194,70.4294,94.4326,178.9272
2019-08-29,74.15571494088279,108.1116,120.5952,75.5864,100.5448,189.2134
2019-08-30,84.20669441565919,85.3744,126.046,81.6452,93.3918,180.9872
2019-09-02,93.85791478224499,103.03265170299039,110.70734097816263,80.23084802818549,80.84969133274026,186.4269028542924
2019-09-03,61.76238479739147,98.20533467287073,122.11276910494915,74.34096805624456,87.09616882033338,162.278603515752
2019-09-04,76.57847851392253,99.48477330249756,115.21367027073326,68.36055579320168,89.3815208012196,170.47203036531712
2019-09-05,69.23722022289569,104.70735021095062,115.3149614827409,72.26702415425078,97.43536815604952,184.794510497182
2019-09-06,78.82656993552241,80.28751755539054,118.68807180677244,77.15765396315393,89.88446084168929,175.05190311642045
2019-09-09,65.76988571168869,106.57807037231123,111.95446549180325,80.94492147425211,81.26603493015165,188.40939143569253
2019-09-10,63.15867716057193,101.43042065955947,127.22628084868082,75.39472620288329,90.49347207114528,166.42365182802448
2019-09-11,79.02027636660468,101.5433790833819,117.73408933234356,69.53747557752702,91.81227161335437,174.68493706865388
2019-09-12,61.533571102140044,102.3828541527349,135.08812674208772,82.53404062066951,95.95843352351739,180.5729840875984
2019-09-16,98.94383479833525,105.29598280142224,114.03338289512745,80.21613653088143,83.48048370984382,194.39116547258183
2019-09-17,64.39397186313602,99.93074148499245,128.4530718104686,75.32512950409865,91.0771472233746,171.59851756669977
2019-09-18,79.26451491014319,100.39222489488003,118.14151346391334,70.07048444138975,91.79563299547416,176.12607491016695
2019-09-19,74.54113342179134,102.58535904986444,128.58994673821869,74.90717209351133,102.91873812359158,196.2606831012604
2019-09-20,83.80065337714554,85.71860398319421,124.65521618106669,80.78083169662983,97.30982222113526,186.612470912538
2019-09-23,103.06122265901413,108.55607265478962,114.99414322017394,81.43228697468427,88.47301444991999,199.11736972620363
2019-09-24,65.55248909251074,100.56402765674059,131.57860231332904,77.86606914102668,96.44745021941259,175.8074437498903
2019-09-25,81.54335649319898,105.4573790083243,120.95545111199192,70.6021730426739,97.53387633690842,181.14702720318806
2019-09-26,76.48955766487163,102.37628190024337,124.340234400976,76.78948931267269,104.53552018601883,197.46526431694048
2019-09-27,86.46788712687083,89.22277485286128,124.99486180646036,80.34401339206293,98.95969244411972,187.83126827159745
2019-10-08,65.75559121870816,100.77307595603413,125.40779735452873,75.50470181267883,89.05583990523854,165.25911787869632
2019-10-09,84.29771522655152,101.62596893430829,121.71334093805966,68.81784182975629,90.67618637094634,177.11054380038854
2019-10-10,75.14353820954561,93.94586061915173,120.39190389472597,74.4755317904105,100.78217629493115,189.98727219648234
2019-10-11,62.076290893225305,81.59431336591368,124.56578681933595,79.43913857824256,96.26793543452311,182.13956025937426
2019-10-12,83.92514597773608,114.46337898773712,128.3013511154042,81.19988434826557,97.571851602637,201.86508274247484
2019-10-14,67.02440584570948,108.10498159616677,113.20680051855857,76.22163181614505,82.7781293734942,186.00722312896818
2019-10-15,64.45747368344288,99.97966243826228,124.86826523016747,71.02849407858665,87.80697451418948,162.34593999759053
2019-10-16,79.39698851190134,96.8088407224369,115.77760105657235,67.40417204525349,89.12456035260611,171.25387567249183
2019-10-17,72.02291543688085,89.68794554932435,115.08470209436277,70.79010776814556,96.44373192778895,177.94315889759883
2019-10-18,81.58309423829405,75.7591304595519,120.52541282987025,73.36276716299494,89.44383519593131,168.28858179424324
2019-10-19,64.15353037027202,98.90590826294675,135.6152521678253,81.60751810459954,100.65579720454205,187.0202216550923
2019-10-21,92.9751590946762,97.92443465126291,106.97097581272638,72.99225887068977,77.2226050418631,175.34693136646365
2019-10-22,58.89877642446906,92.41798197749871,117.75239855941021,67.32624487096369,83.1726948361575,155.26809124276565
2019-10-23,71.50734570326198,88.8541709690688,107.73905112088705,62.050220957115236,82.627548134818,158.54395392031432
2019-10-24,66.05746592809417,82.9795121112427,107.69330702358664,65.84492013060019,89.44916236239392,166.0958100777239
2019-10-25,73.88031731563882,69.02024920240358,111.26241042923631,68.13456219700613,83.71926211522036,156.83547099357114
2019-10-28,90.36400852421016,94.44205385661593,102.64727210432237,70.98350884615573,75.09289267622297,169.79196877304682
2019-10-29,59.723162672475375,95.35407225098463,116.75595737015283,67.37973124968079,82.9155702682293,152.46623596780165
2019-10-30,71.0593178561434,89.87240268576306,106.19013470997025,61.602139704948854,84.08719174557066,155.87079325053975
2019-10-31,66.68785686876356,84.6640554033259,103.0635788502968,66.18142383776072,88.80315464269584,164.9694663843719
2019-11-01,79.452,78.52004380369301,122.8864,78.56400000000001,92.9416,176.1704
2019-11-04,102.186,114.62368032119116,122.7708,83.9736,92.0412,206.7628
2019-11-05,65.4232,109.86655108030646,136.4908,75.6904,102.1488,188.5432
2019-11-06,82.4688,105.22489935348328,125.8796,77.9836,100.0064,192.7604
2019-11-07,74.836,98.27486378496559,124.8516,80.66,109.7064,203.3032
2019-11-08,84.012,82.67956718897986,132.2436,83.1696,98.8316,190.9656
2019-11-11,99.4868,114.99344165409525,122.2172,83.9324,90.99,208.8764
2019-11-12,66.4032,110.01585534091127,136.2616,76.7444,100.406,188.4616
2019-11-13,82.6444,105.46518589789413,124.8976,78.9972,98.8008,194.4112
2019-11-14,75.492,100.15205381152802,123.6672,82.0592,106.5844,201.3032
2019-11-15,84.9504,112.10120568557714,130.3952,84.464,99.4952,190.3184
2019-11-18,98.7648,116.1369412125294,123.1432,84.2888,93.2752,210.8352
2019-11-19,66.6944,110.93695376115285,137.3992,76.3224,103.8152,192.4928
2019-11-20,80.8928,106.36451078013086,126.6088,79.6328,101.6968,197.2176
2019-11-21,74.3816,101.80606507354057,124.4336,81.8952,110.9848,203.8848
2019-11-22,82.3904,115.31551991793852,130.7368,82.8072,98.1984,191.704
2019-11-25,98.3944,114.02024226791343,119.2552,84.6568,89.9256,205.6072
2019-11-26,65.9488,108.82103244289421,134.4,76.0112,99.2224,186.8048
2019-11-27,79.516,104.63429213510128,122.056,78.0752,97.1408,192.5168
2019-11-28,73.0096,100.13105789988046,120.8592,80.2968,104.992,196.54
2019-11-29,82.4008,83.12203658629304,126.0264,83.048,94.7848,186.092
2019-12-02,76.01545896231461,110.20484259060429,124.89900967373157,84.48127735433002,87.05306731590564,199.94259099435726
2019-12-03,56.69565903449825,103.43577963203771,134.17899243773306,74.37551353999967,92.77348142684016,184.63213873303624
2019-12-04,70.35788617607614,99.06019371067924,123.99494473472099,78.18606781071506,91.54342787245125,186.98118132813855
2019-12-05,65.16383744697289,94.95131147521995,120.90836949896206,80.68946105701508,101.09121977612584,194.86689050268754
2019-12-06,72.45295337662655,116.5264684141191,127.77626199000173,83.26405860223683,91.39220899496233,183.08906200209736
2019-12-09,65.47868072334663,108.81030455173826,122.8980626261455,85.95745489881742,87.10067325881882,200.16437656489146
2019-12-10,57.83848396804641,104.99623615930373,137.93405054540767,75.92551869968483,95.23358853561804,185.16195981820124
2019-12-11,69.89417975852957,99.41602716307426,125.1060818091398,79.68585520168703,93.31184863419651,189.97383695145774
2019-12-12,65.4483693153372,94.0805822179142,123.29119957887707,81.25834592945273,101.3607534235019,192.5700327477109
2019-12-13,73.90983707053911,75.51827992476805,128.41173336206975,84.46853553241772,92.48994603154847,179.33392788138613
2019-12-16,83.08263449665179,101.41870445487747,111.83395834764845,81.72529622659194,118.88913952475876,184.65968073199144
2019-12-17,101.27071834033319,95.76993409980503,122.28134778808186,70.7276048784002,83.55123016220419,169.46374520316846
2019-12-18,63.635149720241984,87.75853931900379,110.66955271665722,70.94571488878142,81.42156430423543,168.7983884915659
2019-12-19,53.98656669349181,76.64200059620435,97.70203536739682,66.2252446297402,78.92995326264737,155.0629036968161
2019-12-20,122.3601173936888,110.9572902999086,87.51573688030422,57.76167680422524,94.84766902431186,198.866401540347
2019-12-21,116.36546752330509,129.47030539074217,119.29146264312233,77.83637394590478,107.77422845187365,193.4584828121467
2020-01-01,129.2577305794433,131.62141562430216,122.81948806413067,73.58241849513617,103.76613615586017,197.28710715535468
2020-01-02,167.3833028004804,159.8747394569105,139.28191149585575,108.31587355067518,144.275174373436,261.2288956467653
2020-01-03,137.67847269207442,141.13988331920982,170.4292795767525,112.11471941292172,132.30346622785902,254.50622663471106
2020-01-04,116.91636011884202,157.8153985061559,151.51068812157058,102.32692942263878,118.21054394895597,249.43950185766596
2020-01-05,102.08039093556738,179.16501587138745,162.99908735285095,121.13217165839436,143.71172374247283,288.16804062165863
2020-01-06,148.0005768198189,164.00708073701878,193.11876544366254,124.71335804448086,146.6524219294266,314.3451118345498
2020-01-07,142.21805246876605,168.19894605529535,212.8032814741436,177.9890666497812,163.48368966233184,308.1607605601001
2020-01-08,129.2932550823062,166.11276319578502,294.7981830248357,142.7357203866237,199.22540984178406,379.0248794666508
2020-01-09,155.24537336701695,193.9401292435588,210.90284371853392,171.6628687991015,228.67769464716417,409.6745854783951
2020-01-10,136.30757201401133,133.33175609298274,297.784177135573,168.28588816607407,200.2275892687085,358.8259408747769
2020-01-11,100.30444342985143,132.5292472579071,177.03289880035055,110.70425463903572,126.18143617164819,266.82470083621223
2020-01-12,77.22582193699282,125.67814686329974,168.48111321649736,101.35092510912082,123.68650648341118,248.65552603067638
2020-01-13,136.1420392605987,142.35636368272316,226.99602892059687,121.05046557554074,146.35012851859435,321.35640793238804
2020-01-14,88.93145721536172,141.99375482480167,237.31752997682312,108.09769534404434,163.51171430803836,291.485983406512
2020-01-15,103.78220148894657,136.76039883801636,221.5576725873991,111.22906456549647,153.07824045067474,294.38360665038414
2020-01-16,101.0437557708774,133.85078037439592,221.93118826756094,113.85510887318127,164.73668215168354,306.704837245483
2020-01-17,110.1538241561115,100.18751530366978,221.57205906866068,117.05957393099695,150.00660963359377,280.19613408581824
2020-01-18,83.40501274852436,94.60321392596103,145.5160609650685,70.49635099319593,91.21404831172504,202.9654224953818
2020-01-19,57.8506002533031,91.56821319211157,157.34867538640026,63.9322978807802,100.64583400658915,189.8773395202682
2020-01-20,92.50687894652847,81.81588857217146,140.70777922786414,65.86569450433835,95.69437986738735,191.92872826466538
2020-01-21,62.114723981213004,129.02930249642048,157.19676234397542,67.84468788755736,110.73188033683017,186.83947844054018
2020-01-22,67.24175393336435,128.05224656591542,166.4401258308931,68.03506611088365,115.20788996182556,206.765984961043
2020-02-10,104.09868418113581,99.95512202424737,140.1504909652831,77.72970214176388,121.08644230102074,194.30711506304684
2020-02-11,71.61749012404448,100.4532454241554,153.90825307225722,72.31684852332876,97.84151239297796,218.12128131104885
2020-02-12,81.19951383890628,96.93723610671955,140.86680583610843,76.68983468380533,94.21998437671078,176.5289877505488
2020-02-13,82.29032001639406,92.71984178926125,143.6223201760366,79.252030627514,97.28614125286683,189.23899623214407
2020-02-14,87.57609476563569,102.80182085586586,141.64413425234696,84.70001490331259,92.3876226020173,171.98222854491965
2020-02-17,84.18126746121754,150.25839366374254,187.4625335147008,114.135602367522,111.90801070774056,204.97944442046096
2020-02-18,105.7873713933829,153.6926441252664,207.83273765379582,102.56044110689785,122.59690872267691,221.2576921177034
2020-02-19,112.77326823805008,142.9712571173678,184.44711731898647,104.27052343922384,119.5126024628571,227.23140789951984
2020-02-20,114.56078551205384,137.4411789466565,184.11629712145375,107.48419790670609,122.70217514792675,242.4337984811223
2020-02-21,119.97928658390255,110.61443286376839,187.09882939334148,111.61322116882526,116.70416683472646,219.99646184774
2020-02-23,105.90335377990723,114.86135121252822,145.5422658972863,82.09214910503141,115.20660442174214,166.1466180182898
2020-02-24,97.09738996919125,107.08362342559784,154.93404116001963,93.45674391320593,110.98739088716407,182.83550024775397
2020-02-25,102.2833964765558,147.70418644293758,196.24372975196428,96.1049876460426,117.05880579151639,209.1257597967858
2020-02-26,108.23116928409308,136.90482571134518,184.42770391817317,100.55916465909252,116.98185240478203,220.56146469956366
2020-02-27,111.00698717566345,132.20028487741152,138.85935706748091,100.14891664921473,108.38173436997627,185.46492998385514
2020-02-28,79.49473426308266,102.01536949058425,135.4766560099368,76.42248417529075,110.99473372178002,209.1088529612754
2020-02-29,75.7748869367834,75.43238592254475,98.42752689082823,53.797136983222465,92.96051160151741,138.9757606242218
2020-03-01,49.0264,69.69425131993816,105.246,51.996,70.6876,125.30333061244957
2020-03-02,54.3248,66.82237400572119,102.0336,53.9932,65.884,123.64116883131881
2020-03-03,53.3548,108.161025102181,98.6792,54.7592,71.182,137.43666784561395
2020-03-04,55.0304,112.24764366288761,94.2132,54.3904,66.42999999999999,119.75966852249014
2020-03-05,65.9632,103.35687162687475,87.8732,51.162,61.9528,124.58708730088902
2020-03-06,43.132,58.627562468331405,96.2308,46.2972,65.422,163.99324469344867
2020-03-09,82.2816,71.8860686543449,110.7336,64.864,71.75,149.2815551701573
2020-03-10,58.0016,77.43201993617087,124.206,60.2108,76.6944,136.78560928263408
2020-03-11,68.0852,77.23350634415316,123.9012,66.9636,82.1488,159.99581746825956
2020-03-12,67.9988,74.12121095874477,120.2492,67.4432,87.7752,168.12931596854565
2020-03-13,71.4764,100.8390928136306,119.046,71.7076,81.7384,152.88525602852937
2020-03-16,79.7796,78.01051482239068,109.2624,66.2576,70.7248,157.73249649295659
2020-03-17,55.5052,79.50380579633432,119.81,59.9528,76.1124,144.54762374675764
2020-03-18,66.2868,75.6120160737544,118.374,66.4264,77.196,156.0106724230341
2020-03-19,62.936,71.06573520611425,111.1692,65.4572,83.13159999999999,163.68610260689465
2020-03-20,66.34,58.87082152116171,111.3076,68.8048,75.8268,144.08284958630261
2020-03-23,83.0584,76.73597943464183,109.6688,64.4288,72.4648,163.60760478560837
2020-03-24,56.1896,82.75282342311449,124.3904,60.332,81.702,149.91466573882295
2020-03-25,66.3216,76.03816331958849,118.5672,65.3548,80.412,157.43714350959928
2020-03-26,62.3056,71.01814876366278,112.6216,65.43039999999999,85.24,165.3007317876988
2020-03-27,66.83,55.44317717383608,115.0536,69.0176,80.936,151.31263698826285
2020-03-30,84.7048,81.9644510183214,126.0908,76.8368,81.354,178.19715462527668
2020-03-31,60.9504,86.87153655410108,130.796,67.6616,87.8872,158.3663959844492
2020-04-01,70.53617467639134,87.41199999999999,122.0124,69.2668,82.142,168.9648
2020-04-02,72.15590043074383,85.7704,121.5684,71.71039999999999,86.2656,173.5664
2020-04-07,72.4265508404448,112.409,144.264,74.6072,98.6604,172.501
2020-04-08,78.23780774688709,98.8424,132.7834,76.0582,93.0294,183.5874
2020-04-09,81.01468930382684,101.4596,134.1448,79.1584,96.1352,191.129
2020-04-10,83.2181094216934,82.02,133.2174,90.916,92.5152,176.8102
2020-04-13,72.20015316307753,110.611,137.7562,93.2476,89.3152,202.3884
2020-04-14,72.28537825019954,118.1986,141.3974,79.6012,97.1388,174.4141
2020-04-15,79.5762324967124,102.6896,129.3018,66.3202,89.78059999999999,179.7896
2020-04-16,79.74998337701425,98.9124,124.412,77.582,90.5162,186.2122
2020-04-17,78.7801527422524,80.2104,123.9698,74.6848,86.8196,166.9686
2020-04-20,99.42570430725533,105.1314,131.208,90.0735,87.4372,195.8388
2020-04-21,72.85758667811673,113.4523,137.6686,78.84440000000001,94.58,173.4908
2020-04-22,77.32248309741223,98.6256,128.2135,67.30499999999999,90.1244,182.3072
2020-04-23,78.34159883764433,102.3796,125.5218,80.2248,98.1822,193.7536
2020-04-24,81.2112032201298,83.7936,128.2124,75.6248,93.746,178.0108
2020-04-27,73.1208901600787,111.1482,138.185,94.17,93.257,211.344
2020-04-28,72.21562729584758,119.5686,143.1862,82.7652,101.3672,188.381
2020-04-29,82.26707395427191,101.7364,128.841,68.23,93.9026,187.9486
2020-05-06,77.0897,94.57530684708968,127.86907069412172,69.8561,93.4404,192.9458
2020-05-07,79.5192,100.70378805657475,130.06691059554015,85.0508,103.7761,206.1139
2020-05-08,81.2344,116.07148142800425,131.18475168722213,78.348,94.9223,182.8199
2020-05-11,102.1552,105.48382662748465,140.02321497542277,98.0416,94.7738,216.6742
2020-05-12,76.1376,114.18839858033539,147.32976293949477,91.9894,106.6702,193.7332
2020-05-13,80.5142,99.17378534130489,133.6836369000129,81.878,96.9898,201.0244
2020-05-14,80.892,103.68424586730502,134.43789333015982,86.4716,102.9424,209.937
2020-05-15,84.0694,117.67681519490264,132.14624440349738,70.406,94.9576,188.4868
2020-05-18,96.4792,102.84199861497089,138.24940780169987,98.0418,91.2162,209.0853
2020-05-19,70.38119999999999,113.42146377360785,142.83599195845687,91.7692,104.3482,189.7933
2020-05-20,76.8868,97.04920099556128,130.80264422452424,75.1964,95.9294,194.1177
2020-05-21,78.6184,101.06083165567311,127.44005871880181,81.7028,101.0622,204.0768
2020-05-22,81.511,119.5915110258269,125.5839943743235,66.6936,90.3384,182.3634
2020-05-25,101.4092,109.01614605064286,155.71362091958596,96.337,91.1088,209.6124
2020-05-26,74.6816,118.67897220138316,127.69756611007239,93.1372,104.7034,193.83
2020-05-27,80.48179999999999,102.26785630347595,142.23833229899424,74.0606,97.7152,199.0578
2020-05-28,82.3464,106.78789200593465,121.48667108914185,85.7528,101.617,204.0906
2020-05-29,81.1546,120.53847942992222,146.4506269789274,69.5512,91.2182,182.0704
2020-06-01,100.6484,119.45895284830254,153.05766061178082,101.41800871979315,88.217,208.115
2020-06-02,73.808,127.88976677662733,155.74858465309376,97.89795306375215,101.7406,188.8276
2020-06-03,80.6162,112.10074084167033,147.82801191222688,76.85192163394011,96.8336,180.053
2020-06-04,81.4696,112.78439736063909,118.61152257275332,89.05001878521361,98.6098,216.361
2020-06-05,80.7782,90.18811452379785,140.56651808327928,72.7468616710453,89.266,179.3152
2020-06-08,99.252,118.44700279998081,134.26152485696957,80.34870940028739,88.4976,210.1672
2020-06-09,70.7872,125.88764436605999,139.28468748822135,83.06242396922762,98.6556,190.3276
2020-06-10,80.368,110.26469872865539,138.2759825507327,85.70006060257904,96.8392,178.5808
2020-06-11,82.5576,114.91861059609798,124.24926688078638,78.5052035746183,102.1188,218.9252
2020-06-12,83.6456,88.13409202024539,125.36957154932485,75.33005073769863,94.4832,184.9316
2020-06-15,95.284,115.20110992575817,124.21245854844013,100.4168694388897,85.628,201.826
2020-06-16,69.0272,83.81164808178977,132.5671668350311,92.07124466665601,93.8036,181.7324
2020-06-17,77.3184,104.29394920782552,132.32321373873626,80.203722027478,91.4332,173.6188
2020-06-18,77.6504,109.52507152117326,115.2758653483755,77.46046530233633,97.3448,211.6852
2020-06-19,80.0052,83.1394713070887,119.3580660367759,70.146478635961,89.3176,173.5036
2020-06-22,82.4872,99.77558817147347,117.15034925200837,92.54940074111735,83.5632,190.99
2020-06-23,61.0132,104.23940322774703,123.7124134377363,86.86065347166972,87.024,174.1504
2020-06-24,68.3836,91.6523077353076,119.65762320959377,76.27449086079993,87.5624,165.9888
2020-06-26,69.0436,68.6693183232831,107.63265429447743,62.62862062961843,79.86240000000001,164.8264
2020-06-29,81.4696,99.90462604971884,114.05649144490512,66.05595167019237,82.6856,190.3168
2020-06-30,59.2852,102.92948558675776,121.26896669475133,81.89569039712589,87.1052,169.9872
2020-07-01,67.49345474059808,78.61054501165106,120.2292,83.61359999999999,84.80720000000001,162.2684
2020-07-02,70.34282128773741,83.17400055714977,113.0756,72.5196,96.8336,203.7916
2020-07-03,69.68173895776862,105.10593977520506,105.4304,60.1136,79.9048,158.3012
2020-07-06,77.1733273309226,85.45011678202485,103.8888,56.1204,71.0764,176.362
2020-07-07,58.08452420058691,95.57334914721604,118.4656,76.1488,75.7684,171.266
2020-07-08,72.43672328918316,84.68984255389734,125.5564,86.964,81.6172,159.2124
2020-07-09,68.21962825382533,93.22301567626184,114.9708,70.544,91.5272,206.306
2020-07-10,73.96595927586174,106.42358576089565,113.6664,68.51,82.4496,174.9752
2020-07-13,100.69321276157834,109.73128443401058,134.2842,76.7212,93.9436,218.7135
2020-07-14,67.94644869408747,114.06738178176448,145.872,92.6764,93.189,200.5937
2020-07-15,79.97255332595815,93.85956432464526,143.4994,95.4422,94.071,180.2237
2020-07-16,76.14041161658984,103.00756397458954,130.4356,78.1422,102.5336,225.5776
2020-07-17,79.88234101416087,114.58926292457974,123.7102,75.2268,89.3894,185.3842
2020-07-20,72.80530225640311,108.54670477951856,133.3356,76.35820000000001,92.9552,213.6094
2020-07-21,67.89946099617276,110.41281597422488,143.4454,90.7284,92.2598,205.0716
2020-07-22,82.02790914231802,92.89247740469973,145.7918,100.4812,93.7072,179.2476
2020-07-23,75.61235939240555,102.89967744126479,130.9492,78.707,102.972,227.6396
2020-07-24,79.94377081836105,109.58226828796239,125.8316,77.3892,91.8482,187.978
2020-07-27,98.30029813703901,103.33955038753855,130.3616,73.1136,89.5428,207.7616
2020-07-28,66.28113145240917,108.12258037082744,141.379,88.144,91.176,200.045
2020-07-29,77.97516934468783,88.93072460546195,139.7598,94.784,92.7194,172.2258
2020-07-30,73.14743764638654,98.05799773180608,126.8184,73.8218,99.45,218.9868
2020-07-31,77.19651606495844,110.76185031280444,121.1836,74.1616,87.6922,183.2296
2020-08-03,97.1315526069389,102.60497282283157,124.4276,72.04445904326454,86.9172,205.5176
2020-08-04,63.81559567857452,104.49062172810504,134.7934,86.0824873966507,88.6632,191.269
2020-08-05,77.03407337617647,87.16305710271475,132.649,91.79297873677375,88.9068,165.126
2020-08-06,70.96043182867179,94.33861509628547,118.6784,71.57009407716116,95.3724,209.9698
2020-08-07,75.05369041118516,109.5285302043468,114.36,70.69849169628567,85.15639999999999,172.2818
2020-08-10,71.05285468083206,109.0794208073803,128.2208,76.63487111550558,92.7415,214.2871
2020-08-11,71.60888144538492,115.1831478966936,142.2742,89.2001498937351,93.419,201.2934
2020-08-12,82.57413473808842,95.18816079411012,142.9175,103.64457328672162,95.7994,179.7744
2020-08-13,78.43649961009599,104.11566507500055,127.5918,77.64220984661314,102.5538,225.5476
2020-08-14,85.04860488647576,113.6361667147817,128.529,78.43037609016456,92.2778,187.8798
2020-08-17,73.0491031477095,109.06763435070118,129.2364,74.14643919550898,93.7172,216.1694
2020-08-18,73.10175939401297,114.23636393126623,140.611,90.61612219495659,98.0036,205.23
2020-08-19,83.29052930481734,95.19018659135183,141.8798,78.21295871382212,99.3876,182.2058
2020-08-20,78.33330821725953,103.94457728976772,127.6224,78.02540556998193,101.7966,227.769
2020-08-21,85.23248090745597,117.84947062755356,126.5202,81.12638083960152,93.6524,189.633
2020-08-24,108.07578543073127,109.86137854268561,129.7708,75.84975741356358,94.3348,216.457
2020-08-25,73.468874452067,114.60524319264555,138.20839999999998,90.718687593033,94.8974,201.8368
2020-08-26,81.88576746324101,92.01005324861696,137.0998,104.82020881189503,96.0466,175.6932
2020-08-27,77.38165426110095,100.92171947834484,122.3974,75.44214135731944,98.3496,218.183
2020-08-28,82.94974291489443,119.19387938004171,121.6642,79.13897274909719,93.1896,183.9628
2020-08-31,76.34537524428623,116.25083512477477,132.612,76.69083437834489,96.8236,217.6019
2020-09-01,74.09472017685347,123.86959559458921,147.2365,100.37573789368949,96.8594,209.6347
2020-09-02,83.54961764786017,101.96256307477391,147.4354,80.85729389877939,102.1462,185.2855
2020-09-03,79.02366004419018,110.27235776375844,129.3496,83.6169621666331,106.8312,229.1724
2020-09-04,85.81911917728107,118.5524057147144,126.302,85.53868525724616,96.3012,186.8521
2020-09-07,75.81040318192133,114.32507331879128,131.2456,80.41024433875664,90.9888,212.8868
2020-09-08,74.47813425776246,124.94826372113735,141.6884,100.87187320794384,93.8932,205.6246
2020-09-09,84.35925120946067,107.17903631921381,152.3544,76.34532347102599,99.3908,184.2027
2020-09-10,81.79704227962226,114.05605653490535,131.4432,87.05444060579066,105.0336,232.014
2020-09-11,89.62431538270855,120.06228713934588,132.9728,86.82709867023225,98.6068,197.9105
2020-09-14,96.07101242519057,105.59781957359704,121.185,76.0625434884348,87.0408,198.5758
2020-09-15,65.43641081227545,111.41753694599107,129.4472,91.18505554772214,86.2244,192.3572
2020-09-16,75.3313885600937,91.91196226354415,137.3028,71.22018394252395,88.7744,167.0755
2020-09-17,72.41980603393526,100.68770591246368,118.03,79.61882090895557,96.2128,211.5164
2020-09-18,78.60253644442517,108.31524836612053,121.0056,79.52908067123516,88.7912,179.7171
2020-09-21,93.43216144621778,102.19702383531538,116.3186,72.96586428538218,84.81700000000001,193.761
2020-09-22,63.59374026925722,107.64535684929231,126.3458,88.47019968944666,84.2728,190.0644
2020-09-23,73.6155035345265,90.36437261591311,131.8388,102.75855487239939,87.166,163.5304
2020-09-24,68.46703311687666,97.18900144137274,112.2496,76.02365605208928,94.7464,202.4552
2020-09-25,75.78594113873646,102.11528980519955,115.2552,76.06596216415748,87.9948,172.5032
2020-09-28,83.25120286080501,93.24924320996051,110.4096,67.271418867556,81.9036,186.5836
2020-10-08,79.93934493183612,105.04329455145101,118.4664,75.36394992520417,99.9556,212.5648
2020-10-09,88.2820555316719,123.70170162014992,126.1112,78.3659247940197,90.7548,181.9668
2020-10-12,78.02869984164185,126.25781338043195,145.3494,86.48408519388815,93.4204,215.2094
2020-10-13,82.17565606061886,126.09079354110085,132.988,98.50587513533694,90.944,199.9169
2020-10-14,91.87775252978257,105.93894078301571,143.204,111.21769441176522,93.788,180.7268
2020-10-15,87.96474990145889,112.27744678429836,122.072,82.11757629379282,97.32,217.8668
2020-10-16,94.75257621772349,130.88499169360048,131.3468,83.33380917137364,89.4156,185.502
2020-10-19,86.2404279159317,131.45079947357485,155.0852,92.69884318305824,97.4164,222.8165
2020-10-20,87.00112911462344,135.8649220062005,143.3096,104.90529461616525,92.3008,205.3848
2020-10-21,95.23286943941206,113.64359783822124,152.0156,116.73220948787737,97.3812,189.6424
2020-10-22,92.16298081486477,121.4652250165947,126.6676,88.08598277971092,100.05,228.4532
2020-10-23,102.79965506919142,127.53506289040864,136.1304,88.39157303581788,92.7236,194.144
2020-10-26,85.30485942357416,126.74612615423398,153.6256,91.02381637819383,97.3652,219.8308
2020-10-27,86.84117586660622,128.68175675011867,141.9956,105.0654435204352,92.8148,209.66
2020-10-28,93.61166307739471,109.946667118481,149.0012,82.40240638582479,98.906,186.814
2020-10-29,87.27118568241403,115.18820331082338,119.79,86.50246963442935,97.9024,220.5788
2020-10-30,87.06961858125412,84.44005708729479,114.4004,78.01784605310641,83.2324,168.2052
2020-11-02,110.55153352863792,124.8430517785781,141.3459726671479,82.89872096142349,88.91509028999997,200.92554419384282
2020-11-03,77.39802946674641,132.56546452979856,132.4552176708591,96.26342966561202,84.95053381736592,193.56117922501085
2020-11-04,84.47882823431004,111.67554960273957,141.22552463872452,106.60759134144388,92.38614207671758,174.78296111520416
2020-11-05,81.76520544542419,120.7091871510053,118.27616028979295,81.18242507798952,94.26806747732104,212.02891929160637
2020-11-06,90.99549387238842,123.99328660052593,124.32222869198466,80.71521816353146,86.30756845997796,177.09692472783394
2020-11-09,72.51647277935274,128.28708890352385,148.91010885213512,87.69323342079484,91.56845230423681,202.55778347244785
2020-11-10,78.64153944841973,100.96738787855163,137.42105743919078,99.22505346057103,86.40007477767274,194.2609473731701
2020-11-11,86.46818523032961,109.75992880524103,144.4564901730986,108.21857761625225,92.8433049949682,172.38686703823797
2020-11-12,83.78607102480443,116.13456397739166,120.93489203299079,83.91169910153647,94.7491829242605,208.00535613977183
2020-11-13,91.99858904677536,96.61027798806569,125.98103048693801,82.95179366100864,86.75481998704699,176.40006018194921
2020-11-16,110.95596561917174,126.1661774813988,143.03435818838062,83.9225643786169,88.49839888574083,194.82466101475185
2020-11-17,74.39262856345196,133.711776775384,130.87333356423224,93.80369809271393,82.31079996600376,183.96850691064745
2020-11-18,79.06280489170788,100.50102411193998,133.3359674646636,100.22967369523752,86.92785635809214,201.78197212543012
2020-11-19,78.55996243122563,108.91241430108927,111.7668952589977,78.28473925969605,88.37987516619437,195.37966384951008
2020-11-20,88.90427351098361,89.87564041620766,120.21727535838421,79.64665995219943,82.52761164810093,168.54415682807354
2020-11-23,78.05844633825723,95.82846510661905,115.36910107365284,100.01069657253983,106.41199952255819,179.33521895912125
2020-11-24,93.0379406732486,90.65639266708482,114.71826018633801,79.87870338693646,100.79802236745537,176.5141680131851
2020-11-25,99.71344410141921,129.33266848236707,118.82149465945388,79.05090967957253,83.33133280434085,203.78144443099546
2020-11-26,98.05384816961293,135.91641957028637,143.6361757058363,96.86352727666903,79.52136864210097,170.42576193881848
2020-11-27,67.29222401170148,109.88616341293066,149.53094447934183,96.18194008750886,104.61638582016103,210.16522143168962
2020-11-30,89.58451361203088,106.03707045927042,117.71111111785598,67.27194514814607,74.33791170968367,160.5152817387015
2020-12-01,46.459271519965036,90.92977376943774,94.13075745905893,69.04066242609984,55.812565982840695,132.98395768930322
2020-12-02,51.476482813561326,69.02354523564246,98.43386332000456,73.71550530802604,62.162122230753766,116.94319756890276
2020-12-03,48.89039634846134,74.42539702361515,83.64105454557178,56.82879817987579,62.05913838007672,138.8390734595228
2020-12-04,55.01335084561949,112.41695183315115,85.74500434483281,56.74161226892922,57.56429453380524,118.44955980884073
2020-12-07,65.79697354876463,84.02402910855832,96.07072080631286,55.997066477121855,57.65290076896569,132.33837387218696
2020-12-08,43.88401923708521,87.08039517259955,90.18567058494556,65.25008167025942,54.2273502813475,130.19589077010673
2020-12-09,48.260043928378565,68.33223682230071,92.92963814833143,70.22040818342715,59.130785898811695,112.89690811797584
2020-12-10,45.998654621331625,70.29572047556356,79.78936392889291,54.59224244760193,60.21880359395173,137.13574156419975
2020-12-11,52.228966015035134,56.109918054366396,82.78347418176423,53.641587703138434,56.00950587910299,116.3491342844228
2020-12-14,62.69248787985699,61.756987464401284,89.49388667813416,51.99052731425058,54.01168604859848,126.21058480679014
2020-12-15,41.16890751099953,85.09873758733782,82.82365629252094,61.522245586732,50.11501788044794,120.42486403971333
2020-12-16,44.926070581534546,66.37714113765273,84.80742176050967,65.50106035951148,55.269894587876884,105.83088459089592
2020-12-17,42.37806790848122,69.48278651730628,74.40459908649648,49.94804231261931,56.9687937608967,128.92259760638063
2020-12-18,49.75516107476239,53.871029431582166,75.31647959997524,50.12496769675776,53.2483349736124,110.30931565230296
2020-12-21,62.08971337815284,80.30431452655824,92.64836337303448,53.44496341025056,54.98802645112118,127.05594211780233
2020-12-22,79.58123498952678,84.33123845907774,86.31298391039383,63.23568585332641,93.02676959872063,122.7257640176549
2020-12-23,95.8207406075015,64.31020587147322,86.97327373039592,65.45983856898025,96.87636880270705,175.07646819393148
2020-12-24,92.66715672656821,135.0098009790139,140.47542784198322,86.18329581147876,104.22743144917007,217.60070855201616
2020-12-25,98.52390046441364,132.29419053036202,159.06036040684106,108.72580842161332,113.04820889719268,234.9318332870504
2021-01-01,102.63836379273668,135.17470862844542,171.9649284620393,120.57476719780969,127.61913325336381,249.71171846025632
2021-01-02,117.42790895289092,131.19607807906073,163.62114549490366,105.40023830831971,137.84536300796583,250.06020332207072
2021-01-03,133.71371232618696,173.36534239985934,189.40748203417948,113.44968773682209,152.22278005435672,322.4072389059909
2021-01-04,131.21826560457797,169.9363669984206,221.30725830237157,138.68605826269595,159.55182701156434,375.2351658702055
2021-01-05,144.28794339832862,141.87288774537885,226.93539706902158,135.0956915591201,148.82714029806195,323.3336282941069
2021-01-06,130.46705971645156,202.41554616525275,267.2364281607452,139.4953481786882,153.04672783499967,372.44836961391485
2021-01-07,133.32900830949492,183.90849141897303,270.0021428691803,173.30634923464055,152.3391390920811,371.950848506116
2021-01-08,142.37382719083206,188.585029397801,278.527244747538,147.40283305626576,163.91057366794269,337.0413095146021
2021-01-09,139.01920816527752,187.59571958105013,238.74343598186886,147.64911554203826,167.07192292936,306.5646379135222
2021-01-10,151.6374999127762,174.5989740177618,248.1251063868477,154.32918654353375,159.73580008472317,336.38275091024144
2021-01-12,129.30364763352293,154.50826881902816,217.65978659062858,153.8859631467456,158.8662521406477,389.09795162686277
2021-01-13,144.45379357441365,147.02106321868845,210.53472772261108,126.18027261720073,157.4502884450962,316.5245117729059
2021-01-14,150.08671527659988,201.07463495021412,226.17279470199213,127.13164870220207,168.6411975192105,350.29978087626694
2021-01-15,150.66291640382303,201.8778028502244,254.240245807746,157.11112062975718,142.94463569233517,314.7960681072458
2021-01-16,112.50118491946905,171.54701163910642,257.0310013299634,156.84964454461135,158.53525785090469,343.3726258267952
2021-01-18,128.39368322424357,149.98384941372305,191.4050727409894,124.56048524245918,141.75951219858163,269.88019779061545
2021-01-19,93.18471671877388,171.15835421109716,196.8112980889482,115.18578794788661,136.0368046115203,271.3151266415583
2021-01-20,100.23762369146114,133.74727601877265,194.26922375187894,126.62215180311631,113.88404954360011,287.0063117701065
2021-01-21,96.23157253097477,142.41321636480637,178.60835342191103,102.13427345523166,123.64641556673325,294.06802977419864
2021-01-22,101.68582058985294,162.8924387508995,176.8641312205252,101.06265015545378,107.58572352191052,239.31443337741342
2021-01-25,107.55084704877669,130.6984480850292,167.2376652739162,123.3160006169468,96.36651089807947,237.7322399736937
2021-01-26,78.5775052049774,145.96973344993776,172.5735173003835,99.0201361460771,122.88475744684982,240.63027923747768
2021-01-27,87.50648543239949,120.4838026828732,174.96491501659045,117.4134784634649,105.53921963544715,222.35686715229107
2021-01-28,88.75976562900064,123.41726140780348,163.51737747457418,89.64343227302051,109.21081900148016,211.8472557722054
2021-01-29,93.95412475215795,100.47699370579299,163.5329200486459,95.08727863589222,99.21494869318389,229.14194898933562
2021-02-01,108.2511561704516,118.83160057007427,156.98323010459546,70.83694655459884,91.0069121115188,206.0071177154049
2021-02-02,80.0407565581783,145.06238442765945,168.99213163743303,88.72189755077314,93.53406732783486,207.55509183867076
2021-02-03,90.94202009737367,113.22809000479924,169.7792104079354,105.44173840867239,103.25771245053622,194.1247154498512
2021-02-04,88.35979262837998,113.92085194228612,155.2703694225949,77.98290679567117,103.71637495632403,230.8910212139347
2021-02-05,96.12887148305232,89.6848294082447,153.44260673030203,81.4476147913426,95.32736253489044,193.8920803972999
2021-02-06,69.88756083802443,86.73888204835649,151.85449680233316,67.90302715759088,87.2263300146318,190.39277003724465
2021-02-07,80.17264675013783,78.24898261363977,113.0024566334937,83.44609219372799,86.12779571798265,197.7602782581382
2021-02-18,66.79284299977857,80.90615996282148,105.10251027167708,57.855228149100135,79.58433595303458,170.9739613817478
2021-02-19,71.49817076009555,95.02018640387706,109.70843942710933,58.36487269644322,72.79199538576555,147.98552147177276
2021-02-22,62.578681779801414,66.27637488019934,84.34423101940165,89.88174208425514,84.42805458411634,116.32365306359083
2021-02-23,42.23182011408343,71.93956041733531,86.3907178955724,47.72686301402655,85.69262711263853,196.9227060579124
2021-02-24,48.321165391912785,60.581867659719535,90.55263285408931,56.17464062173846,56.237286549814726,168.5914301186687
2021-02-25,45.23252935567827,59.58940020317806,79.1773338351494,44.12836421086232,59.18137350294937,124.1411601420335
2021-02-26,49.52808507305183,74.54892945780931,80.39283295831319,78.53166577119723,54.79137179796236,175.38249285372962
2021-03-01,60.54980992674367,73.33459222405828,122.7164,70.7368,77.1396,173.06799999999998
2021-03-02,68.17437613506601,91.25254916358196,123.2536,89.268,75.5844,175.2404
2021-03-03,79.18153750808544,100.44390565012046,131.1096,99.3912,87.6848,157.5159
2021-03-04,73.8143652908969,102.79787559110648,106.7344,77.5224,86.1356,191.2628
2021-03-05,83.70162744652094,88.04773622959608,117.1152,83.4408,83.5208,162.1953
2021-03-08,91.36913319133247,104.01330791047755,118.9916,73.1576,73.8268,167.5464
2021-03-09,65.97956999900187,121.10708190413575,119.3856,93.8808,71.338,167.1636
2021-03-10,75.02261302215547,96.59586346348578,124.8944,94.6,82.4696,150.4024
2021-03-11,69.4607468577499,97.05392435119433,102.4504,74.9344,82.61,179.1412
2021-03-12,77.56958615097983,117.97696692328597,109.412,75.3736,77.928,154.0024
2021-03-15,94.18575334684341,112.9258581340018,127.592,75.01520000000001,79.7425,178.2308
2021-03-16,70.8857756646913,99.94979040594203,129.949,94.8125,77.5736,181.8512
2021-03-17,80.52292154148508,105.7283490590867,134.885,102.6828,87.7392,165.0807
2021-03-18,76.28485151188599,106.47538518191102,112.5222,80.376,88.0514,192.026
2021-03-19,87.73968625723532,92.15994891013489,131.4734,88.2924,86.99380000000001,168.7734
2021-03-22,95.58163941483689,116.60212748774576,128.4,75.68,80.204,180.7692
2021-03-23,71.01257214292086,133.21034867218583,128.6498,95.3586,76.7062,183.1268
2021-03-24,81.23543594495577,106.87701528336306,135.1884,103.781,88.3062,164.9162
2021-03-25,76.30857472394183,106.45781515688611,112.1686,80.78059999999999,88.5324,191.503
2021-03-26,84.01432392267098,91.89515829770046,121.0786,80.7932,84.3726,164.9102
2021-04-01,76.21231241363918,93.56697437407587,114.43444002351447,77.2065344678669,86.2332,198.7815124779469
2021-04-02,78.69010318930333,79.27187814522729,123.08401413336006,74.12248369732858,80.2342,172.00629917810932
2021-04-05,89.98249763058944,98.88313693396985,121.63436368244255,68.44595268386172,74.0022,174.5692828141989
2021-04-06,66.04878930626411,111.69331268933976,124.27107230056578,83.77372496228134,73.19,173.00827303552163
2021-04-07,76.83994033461256,92.30913628440919,129.59302555133718,91.98241346396804,81.3284,159.5188368531212
2021-04-08,71.6223870117734,92.97634418773222,109.07971459199548,74.12547986064193,79.7784,193.37797760916456
2021-04-09,79.2831696509595,80.37538268221242,115.13883449072235,74.1965888032787,76.1684,163.1446662344877
2021-04-12,95.23297636733433,104.96566572301916,130.26506267552844,72.98813626689547,76.878,182.61361057876957
2021-04-13,74.02921431771523,117.20769372433811,129.9452227849411,88.95289286573264,74.827,179.57802294313825
2021-04-14,77.57186615056682,94.515949005259,135.68927342698697,71.60453565477766,84.442,166.49251741629746
2021-04-15,77.57452472436044,133.56999171068867,112.52722355532353,78.28135812047485,82.1132,195.82845603598014
2021-04-16,82.40801638685814,123.18766811147702,120.41847429293355,105.77043941473237,78.3166,167.3697706265675
2021-04-19,105.05742906318324,116.4191395925708,142.8852561274707,79.32801783793732,84.00319999999999,199.9884798599215
2021-04-20,77.68250372151716,129.97771526657397,143.54557408576173,97.79556952452353,84.8035,198.6115228551752
2021-04-21,88.62212587095608,106.8406416702916,148.96345856182276,107.88285242367868,93.2587,181.19815954712746
2021-04-22,85.9140617036282,108.57974125820573,124.39282717460908,84.92045653440961,88.577,221.04830534775184
2021-04-23,92.61939382251857,93.81300483401225,130.7286438399011,86.84419312579915,87.9846,185.75041184245214
2021-04-26,91.54684258218599,146.28307474269192,132.7087453236849,103.23580312467777,104.5696,199.55609591727733
2021-04-27,105.263161773675,129.87781499166687,131.21725857427043,126.92466874532302,104.0708,191.1403921119031
2021-04-28,97.179870406978,119.82763341063576,172.48330597645838,126.51519309249896,108.1868,208.34404466328675
2021-04-29,101.72521357138136,125.19200066160265,139.28010882636937,99.87610532931156,94.0572,231.47536205180145
2021-05-05,76.7352,97.88809600055427,128.3808,96.4076,84.7716,162.6604
2021-05-06,73.7388,100.3881232004151,110.272,75.4172,84.1572,198.5672
2021-05-07,83.2884,85.80068879835599,117.478,78.1936,82.50319999999999,167.6176
2021-05-10,102.6012,120.75427055543149,140.2468,80.462,83.8356,198.969
2021-05-11,80.4068,136.22089478393434,141.20600000000002,101.0401,83.4884,197.0867
2021-05-12,83.5584,107.81255144835418,147.1188,110.3728,92.1136,184.7109
2021-05-13,84.4744,111.41638347960544,120.3084,86.3904,88.7208,215.2944
2021-05-14,90.1244,96.63237271370735,130.3512,85.28920000000001,88.292,183.282
2021-05-17,94.098,113.48940766506918,127.3692,74.2544,77.7824,185.4636
2021-05-18,71.4612,85.44207517385917,132.3756,94.1796,79.722,187.0704
2021-05-19,79.4864,103.1055263378821,134.1964,100.4312,86.6896,170.118
2021-05-20,75.4332,104.89877586443808,112.7152,80.2876,83.1168,202.4228
2021-05-21,82.908,93.8268772638146,120.4612,81.44200000000001,82.566,171.9392
2021-05-24,90.6724,106.30692740021614,124.0198,71.7852,74.6844,173.9121
2021-05-25,71.3376,117.3226467599292,124.4798,88.4754,73.636,175.286
2021-05-26,74.0995,95.86115714520217,129.3874,94.8106,82.2775,163.6234
2021-05-27,74.5724,98.19519558970521,106.2612,77.0308,78.4712,189.2392
2021-05-28,78.694,88.69672356935303,114.3404,74.8144,74.7016,159.8824
2021-05-31,81.1941,114.99370625017303,125.297,71.8664,78.0726,178.4689
2021-06-01,47.374314188082494,115.53840811941942,124.3671877867495,93.08870213057702,75.533,173.9856768061731
2021-06-02,45.66872397968206,96.11778403867129,126.4434687007858,97.54148957703076,84.0508,154.3290855923126
2021-06-03,40.557035804293164,95.38200628887238,99.94751590257096,80.6877430000417,82.5174,184.3584156435172
2021-06-04,47.666412286852655,84.5044165593751,109.50525594858134,81.72471417824976,79.1286,154.05747112675155
2021-06-07,42.73769230471099,104.17987574921692,116.2888507896416,73.46991470971989,73.8904,164.45051304825233
2021-06-08,35.16644105717536,113.76726502607877,116.86899376136047,90.02932448940096,74.517,166.22708148393934
2021-06-09,45.467873952052024,91.67145857693826,117.9475287886906,96.88553900017303,83.2276,150.31315497489683
2021-06-10,38.34901678815701,126.78672841655477,145.47130963939412,75.58504265462375,76.7486,173.27953748208034
2021-06-11,30.934925763010167,114.21825680995708,148.94367475782616,74.14527210837814,71.9438,186.85255882768638
2021-06-14,0.0,126.43983978396996,142.80269261185174,93.62885867069163,90.058,202.75922710190275
2021-06-15,0.0,109.83001808063469,146.43474154818986,112.35169781842454,91.353,204.06503598819455
2021-06-16,0.0,116.24897595428499,148.53795217576751,76.02914455846256,102.4308,184.82043223801233
2021-06-17,0.0,116.81102025931065,124.35487706055918,96.36026102343882,96.9256,225.2707816663978
2021-06-18,0.0,102.33701142501938,131.7882474183523,96.82969047965818,94.3294,184.0357034637626
2021-06-21,0.0,133.11030510505526,152.4091946748816,97.34246183789871,96.4092,219.49664281858514
2021-06-22,0.0,116.73951869776974,152.7788049932363,77.55532158467341,98.0932,221.32887473380234
2021-06-23,0.0,119.99352773752454,159.64953669311242,87.60166275649547,109.89,202.82839358955636
2021-06-24,30.511400602119586,112.75906385444196,127.02149576644071,96.72101227757523,97.8212,230.08037830085001
2021-06-25,49.23806327386439,114.23991951690475,99.14097098200821,71.49494714448649,77.8854,200.3812351133261
2021-07-01,66.45740245214621,100.49164259380748,113.03857723818071,78.24656147855296,85.87651710241758,210.95039377292738
2021-07-02,63.361207894292995,87.50213979216636,119.8398252766796,78.39971792451082,83.75494203344148,176.1386267783881
2021-07-03,80.55369514551556,126.58983889454584,139.89334854345563,87.25839464117523,87.44369682389295,209.74615249673337
2021-07-05,111.1452166233793,111.15404932102534,129.3572418562608,74.28087628955966,78.11246731495436,185.710015146798
2021-07-06,124.22685698406747,126.39672711779009,136.75557211915773,94.03520042174313,85.76653068599357,196.26759587377535
2021-07-07,114.78922966397857,103.63640789577816,143.16145618435155,102.64053535918111,92.51744736549563,180.69318512006143
2021-07-08,111.55455900991583,103.59216868207963,115.12679800326175,80.54467014028874,86.6094421824008,178.40828929306187
2021-07-09,118.58646924474229,95.43211337585997,123.53286478327144,81.66857938301429,85.00787221568585,177.67487362077688
2021-07-12,79.29674802445624,101.17243493794578,116.7090136639062,64.21674525368229,72.22276143164586,174.3972343114206
2021-07-13,87.20704299182849,112.40427974918043,124.7341520516683,83.63294414758818,77.88753842174755,184.7865247873436
2021-07-14,82.36007073413008,93.11768408484609,126.36309340889359,90.59889553538275,84.5034977653255,163.771303618998
2021-07-15,75.44182197357806,96.87839536215765,105.81470857003791,72.55158000049819,82.45740730796797,201.64599147402285
2021-07-16,85.6377293859919,83.18522438365378,114.3845052299366,74.11590927189859,80.47650810609916,168.90453918912598
2021-07-19,80.62665774559437,102.38551576998226,118.9055012869185,65.89498939409113,72.62801467483033,172.89880012498543
2021-07-20,90.82045099418204,114.37840739635958,126.91496947155898,85.56616329162212,78.73197485980361,183.67377969163527
2021-07-21,81.32564057631824,93.66122143263772,129.29807496811065,93.18388679365152,84.89855296123322,167.84061549730714
2021-07-22,79.40638252001409,95.97687959069877,107.39208071335385,73.75025778182881,81.62831559525354,200.5179298594472
2021-07-23,85.35986785455046,86.11370908532058,116.13472446223051,75.3369699915377,80.43228479828223,168.4663910212787
2021-07-26,76.98143661138015,98.15509369594434,115.04873190043764,64.74250618756747,69.45499233896544,165.75756893135625
2021-07-27,85.5902110371367,111.40417102924388,123.58671329945304,82.13871633403915,74.68706713620318,176.8309334311894
2021-07-28,80.24198060369665,92.09640104040426,123.89071524001264,89.23296481928723,82.44940136431144,155.89564534568248
2021-07-29,74.13476535665629,94.7495249952681,101.58489337833427,71.41805085662727,78.91334760716488,190.03233677114616
2021-07-30,83.59685657244817,83.03586977330409,110.22553835052834,72.22888470267158,77.55471990688392,161.99937384253886
2021-08-02,81.0108,110.72116717763402,129.6332,70.3492,77.0768,183.506
2021-08-03,90.9448,96.94892497122098,139.346,85.438,84.3192,179.6132
2021-08-04,81.906,101.8687694522798,140.8508,77.6288,90.972,194.878
2021-08-05,78.8924,104.94251303933167,114.0876,78.0104,87.9892,200.5072
2021-08-06,85.9524,94.21153651472554,122.8608,91.738,83.8916,179.776
2021-08-09,78.9397,109.9286417466996,125.0522,69.4932,76.5008,176.5067
2021-08-10,89.2819,123.86524699711974,134.5699,85.0912,82.7604,175.2499
2021-08-11,82.93299999999999,103.56272930057077,136.3319,78.834,90.0488,192.4294
2021-08-12,75.7098,106.00063064533273,113.23,78.7974,88.1126,198.7296
2021-08-13,86.3552,92.9659658949198,121.6864,90.42,85.3704,179.1338
2021-08-16,79.0592,111.65499088463285,125.9438,71.3411,75.9468,179.7571
2021-08-17,90.1302,124.54744641021017,134.7511,85.606,82.1544,172.6094
2021-08-18,81.3426,101.748625431013,135.4295,78.6902,89.4386,190.6279
2021-08-19,77.4666,105.29332953276956,113.0741,78.5406,86.5438,194.5248
2021-08-20,84.521,95.03604636918169,121.3085,92.0932,83.992,175.6488
2021-08-23,75.5552,105.91641849226282,118.9602,66.164,73.6892,170.8534
2021-08-24,84.5728,119.99867432954308,128.592,81.0204,78.404,170.6282
2021-08-25,79.1084,99.05110368646217,130.5534,76.1146,87.4638,187.948
2021-08-26,71.6322,100.3503190672379,106.5624,74.0464,82.7844,186.5818
2021-08-27,83.545,88.84706041772378,116.008,87.3764,81.1258,173.3798
2021-08-30,78.7278,106.19192988728241,123.8436,68.6452,74.8116,178.2512
2021-08-31,88.0056,122.00842975184622,132.1742,83.7132,81.4132,174.7268
2021-09-01,79.5706,100.99076108317276,133.335,75.41760000000001,88.4866,189.7868
2021-09-02,75.1134,104.61526079068125,111.2,77.0866,84.9126,197.6606
2021-09-03,82.9466,93.97163835252438,118.9304,89.8896,82.3954,177.373
2021-09-06,89.9863,126.99742823175602,142.1848,80.7092,86.8358,201.6781
2021-09-07,99.4246,109.85583796239771,150.667,97.0307,91.6436,199.4408
2021-09-08,96.3767,121.24065630078341,155.4788,91.7136,102.0676,220.2398
2021-09-09,87.1569,123.97822205010077,126.9317,89.4302,97.9109,223.1455
2021-09-10,99.7133,107.50396838527165,137.027,104.2442,95.1219,201.08
2021-09-13,91.8377,130.42275680479352,145.9532,83.718,87.1912,209.9838
2021-09-14,104.6508,105.14270419409445,155.6735,99.8584,94.854,199.5792
2021-09-15,96.7321,122.84211670388919,159.3844,92.0061,104.7853,223.449
2021-09-16,89.4952,125.63798150402567,131.3928,92.9184,99.4796,226.8168
2021-09-17,99.874,112.73003223085178,141.894,108.3984,97.0532,205.9156
2021-09-22,90.8804,111.80181175624428,141.6624,85.36319999999999,94.5168,199.0528
2021-09-23,80.3812,115.00307280300191,119.3264,83.88719999999999,91.9224,208.8108
2021-09-24,93.494,101.61379328818981,128.676,97.8004,89.80799999999999,188.3996
2021-09-27,92.7448,126.82470951358196,144.6952,83.316,86.5304,208.3128
2021-09-28,106.0448,145.87874804463974,155.7288,99.2904,94.344,195.4192
2021-10-08,99.3392,138.10679541761652,130.2449761295838,106.976,91.4856,191.1416
2021-10-11,93.0432,124.6805868150528,144.76433827054385,88.244,86.988,205.7384
2021-10-12,105.2016,140.79073860713342,151.97645225327125,101.3264,93.26,192.6048
2021-10-13,95.8768,117.01015441583894,153.62439631822238,92.8496,102.9816,212.8048
2021-10-14,91.6552,120.92951138037665,124.44021895805034,91.4376,95.3536,217.5
2021-10-15,97.5152,110.27969456199469,134.3255246491908,109.84,92.552,192.7872
2021-10-18,95.2232,128.21369760152731,147.26259316862695,90.7572,86.99,203.4028
2021-10-19,104.8676,146.27311044783772,155.3081139780949,104.6576,94.248,194.4596
2021-10-20,99.7176,120.45111103119878,153.78439470429947,97.9556,103.3016,217.202
2021-10-21,91.0912,124.30515873533784,123.20897830646948,92.7176,95.1276,216.438
2021-10-22,104.4984,112.46535109864907,138.92026945623962,112.068,94.2724,196.5148
2021-10-25,95.8832,127.17916686318786,148.1353116381383,91.7212,88.558,208.7148
2021-10-26,107.4168,109.74669229619212,155.68865068011607,104.2384,94.964,194.5028
2021-10-27,98.1408,121.75208752515236,157.53158049321024,95.8516,104.2828,215.542
2021-10-28,92.6112,123.96458897252276,166.56845103011622,94.0608,97.0916,220.5948
2021-10-29,101.3264,113.54315423038148,137.80774996582653,112.536,95.6932,194.356
2021-11-01,94.2192,127.95171589993386,150.96893766647491,91.95545141623799,86.83541640840497,206.27486822884592
2021-11-02,103.5968,147.4098053280496,159.3721175328169,104.64994993142125,92.21897331646878,196.12527897284454
2021-11-03,99.8056,119.83859248664498,159.78415133503913,97.04007036552925,101.73687516859663,217.75966883601131
2021-11-04,89.7264,120.63771686090332,126.57191717693618,91.96316399487735,94.96804949915739,216.73925669573438
2021-11-05,105.9956,115.30751259538756,142.8639564377772,112.4899890809192,95.88076384821913,198.4668563052695
2021-11-08,114.034,155.04312910432822,185.8651898570837,112.25861172173863,105.75864931007008,250.54133836763643
2021-11-09,126.1684,132.4366799097617,140.10661842054384,126.2390812437361,111.852860025855,233.7107348879272
2021-11-10,117.114,147.63975164011376,147.83085672719093,118.56953067468699,98.5241941259164,211.49370559836686
2021-11-11,111.1448,148.95239569361084,156.95188294679085,114.34425535589625,115.85155310348794,207.90538652007626
2021-11-12,120.7636,141.12690830318667,171.11982402800777,104.02830559848535,112.48981640166429,233.6458746830594
2021-11-15,99.462,135.83895565684875,160.47912326371227,97.3769882745115,91.60550293544456,217.06686269866537
2021-11-16,107.9816,152.18667588856286,168.59235341737934,108.94342068239153,96.47358275107023,205.25073798765303
2021-11-17,102.9536,124.96322637423768,167.5558759949725,101.51701930307782,106.11660826507034,217.02968168950548
2021-11-18,95.5888,130.17480109360022,132.86295980485974,96.18072673502871,97.73332291962882,237.50278469991176
2021-11-19,107.6108,122.1538999644784,150.0425833924097,119.11550005731486,99.06230627970895,206.63924211861283
2021-11-22,93.382,130.69563355308125,150.26695415157778,89.57145276629485,87.58939782719509,207.35724871772265
2021-11-23,102.9644,139.60138109152416,159.1720811023086,103.00432920489828,92.82920424993641,194.92887672254415
2021-11-24,95.1332,118.51741685619854,160.2390795471023,95.26942468001045,102.19201755029377,207.41880394399848
2021-11-25,88.43,121.5705026073686,126.80247462983131,91.51826998494414,93.04624723622615,177.73359861866783
2021-11-26,97.9824,110.87109258171131,139.601506612374,110.54154816150374,92.7498377848006,191.94158919770913
2021-11-29,74.8076,107.49990089000019,120.6458894789092,72.20029011932294,70.42235043213189,169.03850067754223
2021-11-30,80.7964,115.12550562046751,130.22206647590187,86.03422064717272,73.88127056065247,157.9379038316957
2021-12-01,67.83015094191819,74.02159912779993,108.94872481614357,68.38662582193336,71.63738285824454,155.64471401294182
2021-12-02,61.19647740212147,76.70488885209579,86.41428238239644,64.38997915322119,66.14665625019852,166.03836739376
2021-12-03,70.55584405900268,69.33347231802901,94.366632263872,77.28192388111704,65.42563743059642,143.98799808355756
2021-12-06,65.4893479263997,84.44732423785138,102.77806606926505,64.56613790717182,61.91514383618976,157.1252075322114
2021-12-07,72.13211060574295,90.06029581160058,109.9490335328523,76.74805500434834,65.18187283704053,145.56663752710307
2021-12-08,67.13098636141684,76.0722174597559,111.80729666385712,68.97082577125937,72.88844794522979,155.8696946701281
2021-12-09,62.309197831989344,77.84878416347216,87.75290010141582,66.1087852810536,67.18938764385402,166.6853755253327
2021-12-10,71.30744598304162,70.84997610770806,95.5312227183283,78.14941586740852,66.3114099362501,144.8150662377441
2021-12-13,64.53568743859587,82.10167120635198,100.80807743441072,62.14305627119808,59.85483698803932,149.33204366038052
2021-12-14,68.80548553171758,86.25695517513715,105.4681795248815,74.2972912784681,62.11816289448559,139.9847768260731
2021-12-15,66.39686355189043,135.9837720068216,102.52642264470681,64.56685692249407,66.11405982199047,142.67473011988113
2021-12-16,102.59472418917832,150.56300005726354,159.81233085439507,98.65318022316575,89.23427947294383,128.56285614630275
2021-12-17,108.11127817698483,143.24124347611303,154.1036309934752,99.7706666171607,106.71392208493701,191.71693226458382
2022-01-01,116.59729979984922,158.37139664664906,160.12386253339398,114.96923752410844,119.27129147050022,233.2520065276735
2022-01-02,125.26816720067845,170.75332624988022,181.9421965338168,125.75653614913335,129.68613714543247,260.88777825496874
2022-01-03,160.98900592109158,199.09639898987595,205.30664525220115,166.66619668948192,141.15864386844459,270.7855369052052
2022-01-04,151.64656090032537,200.11875420301948,243.44353259240884,165.98122271033495,184.49060861247835,284.78365694550797
2022-01-05,167.936166217041,200.91355923287722,258.9416991771439,140.7354922615923,174.07471289806526,369.33594781053097
2022-01-06,155.11763726635775,210.63428898686593,271.28683862625456,148.11730605865858,150.32378486208927,377.9311643309298
2022-01-07,162.55553882300134,177.9006340928273,209.95374078800262,137.71426262585783,158.42485057002764,356.37431512988815
2022-01-08,156.15253380251553,190.10233506432039,207.99929115846007,158.59408116685688,173.04990962108712,380.9764688103191
2022-01-09,142.689698298676,197.2762906039052,228.3501818878425,160.02288741227557,172.56982159943973,406.13618844207843
2022-01-10,174.01785255492945,179.59678259337693,251.06785581825886,190.08155874126854,171.04142948856574,359.32106893953636
2022-01-12,135.4938289964564,187.0377650031156,234.28370085557404,157.3531879258498,169.41312320552169,339.11019104775255
2022-01-13,144.69272385252972,196.9294052305278,246.9141308064415,154.6301034818058,141.0703400392525,314.6749520151715
2022-01-14,131.57707944469152,164.63495927067603,248.57614427997902,134.98934897388642,151.9268759833245,330.62151579193875
2022-01-15,124.934545951724,168.95397332001792,199.59167788352914,135.42609452472485,151.4232871494286,278.2557572746557
2022-01-16,143.0761153117736,172.64162267397344,215.63512447926735,156.88719084024032,143.9559040574759,305.9057180959505
2022-01-18,142.63378050196422,197.18395420955295,244.68677101749594,136.47701350642978,138.87804998235913,350.631740968754
2022-01-19,150.86788471626468,167.04429373204496,256.5511916089062,165.5896871481575,146.09196002791757,329.83399827788094
2022-01-20,142.71640530606072,174.32861695884645,259.25839780753455,144.96796118815965,157.65268102472064,272.7435297920231
2022-01-21,128.78953554891172,179.33973803612605,205.29050833452496,142.75778985569409,114.19792065078019,243.78582158712936
2022-01-22,107.29175390351796,159.12638626706627,224.3857780958454,104.96729572440003,110.45357247251896,323.0260114708963
2022-01-24,101.71781059459745,139.5169644286348,179.80804663631835,93.37739299537074,103.14422564383072,266.0583972972706
2022-01-25,109.9435688690902,148.68322325176618,189.0132456700686,116.85843748351394,109.62457462134752,247.82652339515406
2022-01-26,99.89004977670591,123.00455516834276,188.9757304053116,101.13047954140677,116.44904263535983,254.67091180087192
2022-01-27,90.55344691380509,124.24901684357685,153.0221475998099,102.3417660300602,121.02918307964285,275.6266907008795
2022-01-28,106.10860952744105,108.49775894213455,162.92356015160894,115.07306944073108,109.2636692903888,237.26650838703262
2022-02-07,60.4768,84.1016,97.83047347705707,87.2690849237584,59.9584,139.3740166048513
2022-02-08,64.7816,90.2168,102.52300747912054,67.99506641122082,63.2544,195.84687433199375
2022-02-09,59.7056,74.6112,101.4043248597632,59.12486601125494,67.624,135.94946760962736
2022-02-10,53.7792,76.1,81.27896692045256,58.20464366804235,69.8584,148.11562851371252
2022-02-11,65.17999999999999,66.6608,87.58355926792629,66.39454512798815,64.1032,127.53648188610642
2022-02-14,61.6807,91.3642,99.57495090084032,57.6499175414674,61.1457,139.54881776726634
2022-02-15,66.8648,92.8976,104.44030302213633,69.4276413122187,63.8584,129.9356278402525
2022-02-16,61.4384,70.50880000000001,104.3669211894639,60.92970916043218,69.3224,136.03337216758655
2022-02-17,58.9672,82.9984,84.65062793441233,60.068306748324865,69.4328,148.22439368143742
2022-02-18,66.568,71.668,91.32603273422014,70.41984067638904,64.5288,126.17691728954516
2022-02-21,58.7128,86.3104,94.10283250885658,54.54387690320171,57.1656,129.24642570155285
2022-02-22,64.0064,89.9152,97.51118443915256,65.24291279266409,58.6848,119.45756060631194
2022-02-23,59.4464,70.2784,97.75240769761832,58.00341758794541,64.7744,127.02917006807527
2022-02-24,54.2752,72.8344,114.79013101755129,55.76980809886928,63.2256,136.9967207960071
2022-02-25,63.496,66.8488,85.03315025366221,65.9201159468365,60.8168,117.05928865797792
2022-02-28,66.78960000000001,103.6544,109.66602629776648,66.74204708938635,64.1696,145.6373364776952
2022-03-01,73.736,91.0592,116.48,79.8392,67.5664,138.0696
2022-03-02,67.83840000000001,82.9064,116.4,70.0488,74.068,147.508
2022-03-03,63.4816,94.8568,92.9168,69.0888,73.06400000000001,159.5904
2022-03-04,72.95439999999999,88.3824,103.5128,82.1608,68.6008,137.8288
2022-03-07,78.1392,114.9336,128.2072,76.8048,73.5144,173.072
2022-03-08,84.6776,103.6344,131.0048,89.2728,77.2128,162.3088
2022-03-09,78.0272,95.0568,133.2048,80.4632,84.816,173.1384
2022-03-10,73.0576,108.4352,106.3808,77.0488,81.9416,187.008
2022-03-11,83.9528,95.5272,115.5856,92.4136,78.5352,158.7112
2022-03-14,79.5272,119.3024,133.1952,80.3728,76.0304,178.56560000000002
2022-03-15,86.5208,108.9224,135.768,92.8488,79.7768,163.6752
2022-03-16,79.736,100.0696,136.79999999999998,82.0864,87.5632,175.5472
2022-03-17,75.6584,110.8432,109.6664,80.2648,84.0552,190.3128
2022-03-18,86.2112,98.9816,118.8952,94.176,80.5368,160.9096
2022-03-21,80.5056,116.184,130.8328,76.29520000000001,75.1464,174.2656
2022-03-22,85.7616,105.9072,133.7744,93.452,79.0432,164.3496
2022-03-23,80.9704,99.196,136.7344,82.2504,86.892,174.536
2022-03-24,76.1312,109.0368,108.1216,77.836,83.4464,190.3184
2022-03-25,87.2744,98.3336,118.0,92.552,79.5656,161.2568
2022-03-28,81.4199,122.533,135.1222,77.6064,76.9511,181.2454
2022-03-29,88.4864,107.9,137.4792,100.6528,81.4768,168.81199999999998
2022-03-30,81.0376,101.4704,140.6928,85.0096,90.6104,178.9648
2022-03-31,76.5112,108.2632,111.4888,83.66,85.7352,193.8776
2022-04-01,86.2376,100.50571039933837,123.39211505431061,95.1112,82.1304,162.4456
2022-04-06,86.3536,110.24558072129153,146.83947016669873,87.56,93.1824,182.0112
2022-04-07,80.312,118.06054638445453,117.57605911743721,87.1392,88.6984,200.6728
2022-04-08,93.5472,107.72921576997892,128.73153891201656,101.1712,86.2752,171.0224
2022-04-11,101.21266,110.439422129018,167.66616639440207,94.52676,93.08034,216.43464
2022-04-12,108.77894,133.55609024251754,139.3708784881047,116.71578,98.358,202.26072
2022-04-13,98.75892,125.94770619812252,117.58250835368572,104.03554,108.49786,213.9516
2022-04-14,96.1244,134.91111104753398,138.43586614995405,101.86776,102.596,232.5421
2022-04-15,107.3734,124.53470510509433,146.92380052513118,117.3696,99.4926,193.68218
2022-04-18,80.41904,121.30744251311505,135.31427349047016,74.24376,75.94356,176.26316
2022-04-19,86.0592,108.26780867466698,134.2336144886768,93.0124,80.2399,168.4546
2022-04-20,79.4622,100.80982570189053,137.6875006448633,82.5406,87.3266,176.5685
2022-04-21,75.50150000000001,106.23001117995965,111.5398776448591,81.9826,85.4008,191.1442
2022-04-22,85.7829,98.38109585961867,121.0371601588701,93.9622,80.8031,163.082
2022-04-25,84.2484,127.26366444578352,142.40681226920992,78.1395,80.6363,186.1008
2022-04-26,91.4452,116.19188362761584,145.03431814130988,97.9791,84.7644,176.7963
2022-05-06,65.95234107753438,122.70833492442333,152.7357521055348,83.53939135052174,71.84739864959094,122.24572117639794
2022-05-09,74.33348021409321,103.87252806316567,152.97936465447108,82.77101482777596,81.1214117492664,128.16389463636736
2022-05-10,69.06481021029944,106.04393033282535,155.20648372750588,98.82922578243578,85.90259191748045,101.83014646748506
2022-05-11,71.29045511144356,99.53230757185077,157.30955164014117,88.30587011015871,94.10410500945127,196.43542628003166
2022-05-12,55.22771913182762,105.89218434139238,126.06863660017656,88.2084854491755,91.28670180987126,192.43530088058407
2022-05-13,76.35356735357334,144.39558501049413,135.01234246486882,81.94832614825258,85.76445906732997,179.32721907520286
2022-05-16,102.260788473015,125.08203766317197,185.62964203411394,100.52185202344181,98.53556817611906,153.95406111370244
2022-05-17,96.6083922443306,133.14109529532791,189.67695568906277,124.4899877216097,102.73814820734465,148.59088341785093
2022-05-18,90.94390072377365,124.7094714039943,190.70684748295457,110.01754932460041,112.6237497740137,197.49814790985914
2022-05-19,54.43848448617158,130.15855144656504,151.16610832453696,110.23839695005147,109.47822092516785,134.75418552798342
2022-05-20,74.36105553271672,117.52647732942546,165.48293209751196,126.20230260059711,105.04988452673946,176.76620493010324
2022-05-23,91.80677437226912,145.27721040582273,153.87313869382945,118.03365414214886,113.10001763211355,176.52453240843363
2022-05-24,80.24530654944682,147.18302600368844,155.1336370699795,118.88788403100415,119.57899595115246,191.12309439919161
2022-05-25,99.87959403117684,137.53438678634777,174.81308257679345,124.92215621219825,129.49233139705748,216.879897924454
2022-05-26,95.49505386636943,146.19016347630077,175.32811228195058,127.52199947878263,126.01889891799239,187.07974448127104
2022-05-27,107.42576953440991,133.73170174301794,189.27232401109632,112.25436621593724,120.78454087252332,181.85545237660065
2022-05-30,79.52361251930755,137.384634539471,144.36144967297764,104.87094130320297,116.72693568195179,165.27248411066458
2022-05-31,91.19231456824119,118.66855366271469,144.7420588724951,107.4767763281052,105.08657973483395,160.7396828838157
2022-06-01,77.06760000396778,129.28444712003505,134.85276924466623,89.32632106939359,100.69101110457618,164.8775402342978
2022-06-02,38.252735725601156,123.06628866692962,122.64511473538971,83.89206813768047,95.40546420091655,104.56758278630235
2022-06-06,70.86923838716795,89.21659083338531,108.95661326649862,62.35557160214064,93.46880306393606,155.31894501856684
2022-06-07,76.26268965402053,81.8190397570113,110.9145908791523,77.30067133423813,65.3654772064211,147.46254459803805
2022-06-08,70.543211440216,75.55675215789648,113.33621598446075,67.0086098829428,70.91911091773443,153.7302652010899
2022-06-09,66.80910024706411,79.29874794980594,89.50294633792461,69.0769082850144,69.60081542672584,163.3174399995845
2022-06-10,74.89202548155153,71.67416139720467,95.29457056766391,76.64634955051625,63.77307708171564,137.59509512926783
2022-06-13,70.41278079385769,88.7986802525711,112.27104039269553,60.682905264825195,61.24810462569281,151.76462378099373
2022-06-14,49.95000732140544,80.25536197193755,104.04601964915486,76.20034896542484,63.52989195846886,144.5192691150741
2022-06-15,70.67433745178715,75.18955219350163,111.598792591399,66.96940310175074,69.73174731262009,152.3836941595424
2022-06-16,67.42559117722374,78.34325317727273,84.72612702174831,66.66981827130239,68.83199862582745,163.67042559165296
2022-06-17,76.33063676910741,73.31541178905911,99.08824914661083,77.1548183563586,65.59515204504306,139.37656164382676
2022-06-20,70.80844359998495,90.95530203642265,114.26615725540049,64.45116467724309,62.35621998408168,153.6837810990016
2022-06-21,77.26292284380096,82.69859774909989,107.37322194735957,78.33674335588265,64.81926274615316,145.18922735275106
2022-06-22,71.86500137200846,77.06636157775569,112.96281595691828,67.8463030954457,71.81414460586605,151.6923043042711
2022-06-23,68.82605671595891,81.83660336609371,87.87666694133077,70.99672741764338,69.25335629462977,165.815936021514
2022-06-24,77.39792303298674,75.53832758758453,100.06491104660768,78.80516121538767,66.40912402542577,140.12157947371784
2022-06-27,66.18104638679318,83.21551887131015,101.64467056684738,58.3913533206643,57.66280150924944,142.8574477862271
2022-06-28,70.50502595624026,75.21167889710057,96.37202857480236,72.01486561975699,59.799602633199385,137.34883703559413
2022-06-29,66.3868347546499,114.92631350940141,104.20499753966915,63.03268584478519,66.36824861395684,142.11565937816533
2022-06-30,61.82945088460614,124.52536913862114,143.08850035369906,67.0350416316029,64.54002601775986,157.23362029052072
2022-07-01,60.69375469047004,128.24316359368888,145.63956195845512,64.91519578667047,95.87312178821222,187.71241287072164
2022-07-04,89.21269622821637,130.86763256968285,153.6046121199021,94.83120977479513,91.32767020739287,202.36004520750532
2022-07-05,87.58486508712849,124.36342083357474,137.41231615882367,104.30768169282989,95.31120282724115,193.88515036813874
2022-07-06,100.59794917480333,118.85791598299298,159.8572202638768,101.9354106263356,106.12366348509639,208.47809243862739
2022-07-07,98.38021844507111,126.42539986276405,143.0286909796722,100.8110528844055,99.15625429184541,221.6662936033086
2022-07-08,107.00137619154954,115.02639628471394,162.92360128955994,108.63219188674258,95.60478287635843,184.2356815388499
2022-07-11,101.08487200076743,138.46010415232462,181.5259956733502,92.32014415115125,93.96435140323862,213.94778634932814
2022-07-12,106.52535716574698,125.12225348617974,167.84815410696274,114.18739639543008,97.19959702775078,203.44803098088818
2022-07-13,101.17721355838553,117.09286449925567,183.98364493673142,99.45730608530484,106.2991122793309,212.6353169282731
2022-07-14,84.38127238454203,123.1821237736986,138.36906491393336,100.41920082613164,105.43238316650964,229.45617455853392
2022-07-15,110.10861849383548,113.81672116028868,162.60786666771386,113.09181685760893,99.58815257720052,199.20228419053385
2022-07-16,98.55944966022655,137.38574590066474,142.69055885107474,96.51565494843817,92.12287787650577,209.00478510233714
2022-07-17,106.92675330919396,124.83719021630195,167.47362752104877,113.17999193647756,93.4979142885756,198.6414914635278
2022-07-18,99.61984422593703,116.61813314823868,177.6504439185291,97.40819756366528,104.64678771876072,208.96904512552908
2022-07-19,87.9452816904703,122.56309717921141,139.46832947665956,99.18776139449392,106.56923199155979,222.40077822774805
2022-07-20,107.25659326408075,113.31281010448103,162.19614146255938,113.07491802845196,97.22224276960833,190.72736096270899
2022-07-25,100.09236922505467,136.95349112100396,112.42336112193722,118.99498330234498,113.07311374816682,235.50507176764665
2022-07-26,106.52482943848544,139.49022414225624,133.66113048923245,110.14626464946687,100.18340082974277,216.48231095268457
2022-07-27,102.69044576603501,141.7411519886773,84.22095808997723,108.66124120925544,96.78861884690346,209.63440736311014
2022-08-01,105.37783950863368,154.55926947934128,93.45917063614888,95.47050210004154,99.18517512335445,232.86138650211933
2022-08-02,112.09092112767938,142.7183957393156,153.00189097717046,117.01721506085805,103.18610787435466,219.97140937447617
2022-08-03,106.48694093937233,131.79820688701017,73.95383570760869,100.91663295584739,112.84065099932839,232.7030284240371
2022-08-04,97.57263250115652,137.7713619101031,124.51693992426105,104.9946754860955,111.88355088140867,248.55457943300812
2022-08-05,114.31101021607972,127.54874719051821,44.441453407736375,118.66561229647718,105.43810815181278,216.4912359391947
2022-08-08,99.87863922590064,149.617483930547,62.729038883954196,93.05679372328298,92.83830280912876,228.89720225099168
2022-08-09,108.87900676747947,137.72904617830042,0.0,114.43199832114499,101.53794787290569,214.8507712697978
2022-08-10,101.26112567129522,125.85868322139558,0.0,96.68577685850128,108.3580580680174,223.65085005801117
2022-08-11,93.21438730632474,130.97672155966163,83.71045945940817,101.55960282107937,113.85936330225837,238.95037036321125
2022-08-12,107.32569889636844,120.870486869979,0.0,113.6702136469386,103.09409822592181,202.3047848902324
2022-08-15,77.19831973133152,95.14915822347658,68.27325516925349,125.8693478350398,124.90808075222742,187.73415687840605
2022-08-16,80.92338410790445,92.42898880610508,0.0,93.67377575846069,87.47021842789064,173.0562778287188
2022-08-17,74.29735619169956,103.47827864258554,40.37291352212986,80.06973584507237,74.19014336385878,162.2606958269944
2022-08-18,74.16221008684258,96.9098108045909,0.0,79.60349642631735,69.60758858869933,150.45306908218637
2022-08-19,66.71587619879192,86.34387463550573,0.0,68.59949510200701,69.44177382636262,121.08575963237247
2022-08-22,68.53346168609161,94.59731267758423,107.29640259562223,58.004051492318496,62.58699238846184,155.18304492024248
2022-08-23,73.41006561720718,83.6232289277103,31.79306805052108,73.70677578950007,68.38589310291651,148.90428603487564
2022-08-24,66.76583128085187,77.0527584023081,108.16846964221631,64.65008532764526,73.51963647735583,151.9103113065424
2022-08-25,63.37345215979154,82.91200455892438,81.6750384670992,64.83273823033043,76.26199165393793,161.0163638315884
2022-08-26,69.12927361540211,74.71339035937886,94.28613979872081,72.16959789561497,66.59064933334606,134.8520902639972
2022-08-29,65.95906844803757,93.69227849155966,102.98966047023502,57.205012859742666,59.36429372527959,145.58867535091125
2022-08-30,69.34647264558842,83.28665646913959,92.2837298014676,70.23083227695238,63.92202900455818,139.08402468661922
2022-08-31,65.36160607016943,78.70043603495874,135.8565934864469,61.73417189073154,70.35078604661443,143.63642585146556
2022-09-01,49.11909815288396,69.08736820824075,67.18312168842004,53.552797873249936,61.88877563090051,125.27247564196826
2022-09-02,57.183626746937136,62.06511408772301,136.35281923066944,61.52709008552729,56.761097903986524,157.15650289919623
2022-09-05,82.82487592308323,86.95451688938924,102.61152849727931,79.11504490144975,77.59482577321225,177.02490791230596
2022-09-06,88.58334017696328,108.83828814442872,127.54889062048458,95.67222476824278,85.31782217770832,168.2389265164381
2022-09-07,82.60434482297032,102.47969298376083,138.0802885692678,82.87826896341757,71.23616676094684,174.36739328005498
2022-09-08,79.03810276786625,110.04645452697768,106.64892350391617,84.63816952721035,93.5150849350276,166.4313665084315
2022-09-09,87.46067098442849,100.447727510752,123.10559927847558,95.03745030973637,84.78234774850614,157.74286590546782
2022-09-13,82.27617354304037,102.1243875144314,116.01357949327225,87.48905296692095,80.30310992257678,159.92573997846935
2022-09-14,80.2810443564426,95.50642381433042,130.23682544745134,79.84596151140363,87.75548193905766,168.67884943328795
2022-09-15,75.17235923682382,102.89900803739646,98.96538018282729,80.21839326612883,89.42370998554874,183.46690396430242
2022-09-16,85.16674422550726,94.68696173139767,118.90436474062662,91.30343471351745,81.9602512231577,154.28743612245813
2022-09-19,78.92852209700268,114.46340626871674,131.89446245965064,73.72698799499376,72.56631282916129,168.11847604631595
2022-09-20,84.19600406726352,102.96365655584728,119.89074992328604,90.69142875897056,80.11944719779434,160.79620964930933
2022-09-21,78.9779855942675,95.24997888264994,131.62376053766826,79.44855108831783,88.25511692227944,166.25191827073297
2022-09-22,75.46836021910961,103.06046475957716,100.39576469173338,80.36615037759832,89.15283537583765,178.15226229708406
2022-09-23,82.02265409513625,93.65148182266206,116.76239177766621,88.86385143696505,80.99714791568145,148.6889625015869
2022-09-24,83.94918424473937,104.14738852173384,123.9065859593314,84.54925168579024,88.6725494565841,196.2849636947385
2022-09-26,76.64909194766446,112.80200323794517,127.71201585807067,69.12708333522333,71.59712720969266,162.34316577907015
2022-09-27,80.07615133123417,99.61486717242305,117.2145621886216,87.68895852637134,77.70315251970935,157.64135233119995
2022-09-28,76.72617890570945,92.65180158766576,127.6270069314413,77.2843428642565,84.98860741720961,163.5795641996254
2022-09-29,72.45968592471199,98.6886837256985,144.4611581031846,76.73561239226153,86.08781207942664,176.4698686022364
2022-09-30,81.85014063621423,90.2750440162526,112.32162031665582,87.98085265244646,79.61661707599428,207.65050846571978
2022-10-09,101.282,114.15609600331015,167.646,93.2016,89.12852966118363,215.1468201266499
2022-10-10,100.59912,116.64720677724164,168.85376,95.15368,89.23743990910256,217.11697849565005
2022-10-11,108.65208,138.42481773157982,158.37304,117.63928,98.62416647522748,208.36122326324562
2022-10-12,100.62744,130.28945402283006,167.8916,103.52248,109.00091471738081,217.24289879282148
2022-10-13,96.63048,139.52669504414527,131.86824,102.10888,107.66355978138276,237.1184534468045
2022-10-14,105.21632,126.67019986658664,151.27864,116.7672,98.67370687680793,194.78403333180984
2022-10-17,109.19152,121.68154567961201,183.38064,101.37848,98.48899195091509,235.37979719429003
2022-10-18,116.29432,153.9676795502767,170.90048000000002,128.11768,106.1647660446789,226.71925196779065
2022-10-19,111.76064,142.7246505800801,179.38544,110.8132,117.65853238913436,237.7279595441813
2022-10-20,104.0068,150.80029672123825,139.96088,109.94432,115.34759060874332,213.2251601818248
2022-10-21,117.96512,141.03718834311445,162.52416,127.37656,109.44748605162746,216.20839143504307
2022-10-24,108.08056,164.79864890499604,185.5644,103.44816,98.27125009063529,236.44525793271168
2022-10-25,117.5084,150.93594211035278,173.07208,127.98424,106.32730574319763,227.53676154189785
2022-10-26,109.08816,140.54651319561788,182.94856,110.53624,118.52022083440198,236.4333465532495
2022-10-27,104.236,147.79468046770108,143.13256,110.74424,117.72167674225992,257.7647634847609
2022-10-28,113.97624,139.77774400269834,163.01288,126.86888,107.36167787397426,212.65085943567712
2022-10-31,94.57232,140.88256099861923,155.22432,84.112,113.00714424934655,198.34140327159125
2022-11-01,102.85976922881949,118.44453410328421,146.61184748916838,110.7487979650544,77.39331679282235,204.30751975292037
2022-11-02,98.7551730471175,109.63485084479981,158.5471680714193,96.48938292285527,86.15483613840266,212.53701393892447
2022-11-03,94.86655581920292,150.91717745769816,176.58365677522445,94.47849293403114,84.4024628738619,234.18529582430753
2022-11-04,104.83163549560439,109.43774055465906,177.52472058300603,112.53163947892013,80.20397028404798,231.73739508041504
2022-11-07,116.49325392544988,157.36963246124577,195.91726930570553,110.41883255346913,87.84579445208335,251.76396333625473
2022-11-08,127.23750133405836,143.61778058368972,184.46877095304413,137.16402598971817,96.8277136665129,243.13514361280002
2022-11-09,117.7010593660959,133.82037642162263,193.46755328492557,119.62179095545419,107.20899162003104,255.4614750824545
2022-11-10,114.56347118271196,143.09866150195109,153.60839182920714,117.8388665148703,96.6992926907767,275.2126656798521
2022-11-11,122.52364861092677,134.9554651600511,176.32676254338307,136.3481100096761,96.7962081436988,236.29991754964206
2022-11-14,121.49438687881141,161.60486936363338,202.2740138596103,112.97106815848542,89.94687972574485,254.25608170199476
2022-11-15,129.56247077894153,119.5283131674616,185.4863248682253,141.33615210740268,97.64630209628176,251.68971137371906
2022-11-16,124.478415852162,140.45657781728136,195.84530428046187,127.11007360590654,109.43658475292185,265.33066499051455
2022-11-17,121.50268737665105,97.12864455313209,157.9619853401992,120.7495943225212,103.24998264085909,233.31263331423872
2022-11-18,126.09701293089182,73.38171635719176,171.031066337448,137.10688948090134,92.04262155170443,226.78032712012674
2022-11-21,115.40182146451562,56.6169076426505,195.18541737078817,111.68570402690169,86.1370709096793,246.38840780562245
2022-11-22,125.16735717285212,40.68956686986728,180.51849700105893,136.69225589006786,94.138363377664,235.89115248914496
2022-11-23,116.27337373767782,40.29077684747748,189.58260398676595,120.115204928546,104.7836215267434,249.4520387229565
2022-11-24,113.62551492683264,0.0,153.67479554338811,117.40764758040349,99.83572774558719,268.91684093363875
2022-11-25,120.86354904299877,28.118168292302972,173.857374422277,135.66396458480088,94.01345161320283,230.08416018641273
2022-11-28,133.16488684134532,0.0,144.9527847745067,124.54349167864738,106.68149131551152,204.21946339953243
2022-11-29,99.6543164928518,0.0,130.32691533660133,105.63364132265959,94.50510507011457,186.79337764137432
2022-11-30,84.27389849348134,0.0,145.9729360435858,92.07765298870707,80.20949101174764,187.84163046315348
2022-12-01,89.79388140805301,15.246476517325295,115.62452775847873,99.94407575369723,72.65851415077664,183.92148301740173
2022-12-02,83.28092507081452,24.622323953192442,128.22170728725987,93.26382874750948,79.08493345202889,157.66778533194937
2022-12-05,48.760689944795594,49.509192992965424,46.50983541221436,47.06288804714602,46.54916905088498,66.0813195014091
2022-12-06,53.018864162504066,119.8521810835393,42.899428276798886,59.06974279882766,51.170517627105305,64.05848179522003
2022-12-07,49.005764719915504,111.48114372154551,45.927180971524976,52.050446525235074,56.79239794726049,66.92954323521205
2022-12-08,48.55237638594366,119.7643729993226,36.9191041055002,50.21783770203205,54.735930421453006,72.23582765289642
2022-12-09,50.390437199343,111.69188312366563,153.5994600134197,57.49226797138464,51.05970955122978,194.30744263099766
2022-12-12,96.00835995027259,114.32027177788606,141.75428523282565,97.00400655021647,40.927288730729785,235.90847053923395
2022-12-13,108.86797344182189,104.53845119614365,180.65703418736635,113.25406763436136,43.9451792678102,223.8915339477861
2022-12-14,108.15672771653622,138.0537026344141,202.36343675461114,94.81683826958987,77.95235980072079,247.6861123478937
2023-01-01,126.49639893794192,169.69044827929278,214.0310293285332,126.50296495409279,101.75792322162354,309.772642893379
2023-01-02,176.3578957494834,145.18742870461367,333.48041701709974,161.16673200353367,120.97415477294423,393.16384788978905
2023-01-03,181.9636888392996,228.4295401737501,304.31755895691333,127.81678768086569,124.20839998528174,393.93156151353594
2023-01-04,168.05706370294396,213.915131076537,323.66602220509174,173.95116294627658,128.44038169053914,412.61822822833693
2023-01-05,173.42566348194669,225.48495612774926,266.5190636368272,173.34911271155477,138.38198665680582,452.9430824290278
2023-01-06,183.24677391433,216.39793924796635,299.78974318322656,205.6972910579896,204.4028483994203,380.2807779472503
2023-01-07,167.83481170304788,255.90011907336688,322.19307054123874,162.31793668558163,174.96019271182075,388.2602262852612
2023-01-08,178.28439102589365,215.5573740059953,293.65921335969836,204.9788700909973,195.4411057558225,380.9260554648644
2023-01-09,164.4515386121926,213.3028203353651,319.0926410134243,191.2952107625277,217.00373194065816,399.7550472397812
2023-01-10,168.77237896311374,231.05271193700958,256.5848119644788,177.65963851350872,213.847626617733,295.0137579707647
2023-01-11,175.24663575000292,216.9726162724881,291.4225456683869,209.19225999246098,195.03789385659013,371.24124836194125
2023-01-12,180.6143016970733,157.9259266249706,204.86540450703745,168.64811982446176,186.90406600101,412.9971128017146
2023-01-13,185.95488651810592,152.92118902350234,209.2427493007451,213.49701534488085,202.36018101143114,270.72333581241264
2023-01-14,174.42392981761444,225.8785844613597,225.36832898917478,192.4887320744922,138.61390409532774,273.85465864968836
2023-01-15,171.7466336676056,241.2382264919845,267.7473488171754,182.21540842066085,211.94209221070102,462.16757928637946
2023-01-16,117.16055255767307,128.03344521942304,196.22430934645018,128.28625206147836,207.20384070449364,262.17170962372103
2023-01-17,115.41975917293067,164.13284384079773,219.0953690446093,116.59693216952317,133.27516819839093,282.77319214981145
2023-01-18,120.87240382584368,143.19120621623426,195.1091386880516,134.35241476027667,133.81415814193448,279.6357096589809
2023-01-19,110.50686937690817,136.561569320955,221.2369436897003,120.02823553352476,140.09259723277296,285.86194670338347
2023-01-20,108.57850643663323,144.6029791543514,166.63669576552863,118.78085669257558,147.11708067523676,197.72749497605759
2023-01-30,113.59131624941574,137.830944412288,197.07439497660872,134.55726571873632,129.35426611946113,256.55358411391956
2023-02-01,62.2451,117.09985206792166,100.8157,95.52577119164837,101.69309472160029,250.1400290938127
2023-02-02,63.994,72.41664093624647,91.3751,65.83893337510816,96.96206712743609,179.72872127206242
2023-02-03,59.9453,67.30600675151076,98.8197,62.50229526799457,61.83629919670445,119.54568087545535
2023-02-04,61.6084,73.24274130478011,81.1671,55.96481133967216,57.987892847577555,132.62246622432986
2023-02-05,65.4705,68.82285494802512,92.6401,68.1503058481597,54.956469204939296,107.41866857011381
2023-02-06,59.9048,79.67081340410286,97.1498,51.632621234827816,47.28985679723041,108.55961259994903
2023-02-07,64.0271,68.14442967792712,89.0714,65.25801726676866,54.007661303833004,108.31924186313594
2023-02-08,56.183,65.07611276513269,94.8668,63.325953395613546,61.9331995154466,164.43607096942796
2023-02-09,61.7401,71.39602018970722,81.3374,55.421061473518996,56.30325394095601,123.34713318522064
2023-02-10,58.3808,65.16403323764504,89.8112,67.5070588544869,52.40991771172401,101.07843651443144
2023-02-13,59.407,79.3885290305104,99.01262,50.85168492830532,48.786623957762956,112.89158709031493
2023-02-14,60.68624,71.94026649619352,90.09118,64.7171129410329,52.11543708723303,111.01457122110283
2023-02-15,59.98232,66.43278726878754,98.54424,57.7923064398426,58.912058793822084,119.99267240952445
2023-02-16,56.70872,71.94938127710358,76.34076,56.90511726698636,56.797519677683454,128.15086247891642
2023-02-17,62.8264,68.58587064436338,89.5214,66.42261759419381,54.80900655926647,108.55639918450977
2023-02-20,56.7533,77.76296849000859,98.33636,51.73153763981331,47.30769905477318,110.60276386286029
2023-02-21,59.2934,69.90587086860539,90.36882,64.64603250285153,51.655651559526454,105.90847224299449
2023-02-22,57.9478,64.56507868608266,97.05646,56.625480009369824,55.88471126401809,113.9763235822972
2023-02-23,53.770900000000005,70.25315184512522,73.77086,56.394894448472115,56.17170666312249,119.39953401508183
2023-02-24,58.43702,66.30817295724668,87.3335,65.41626415732765,52.06118773096591,104.87988882419673
2023-02-27,63.456,85.69458824717863,108.272,55.49384536446723,52.21871096422515,124.89474673957346
2023-02-28,65.38,78.53576890579559,97.6,70.42615745953839,57.52877432015296,119.40107718068826
2023-03-01,68.8850076471819,76.32446478960458,117.85367044517768,65.71593296127844,67.78,144.76558715379545
2023-03-02,61.44900269513577,83.56080379732126,87.81347764979571,64.81326391552892,66.748,150.11158946147316
2023-03-03,69.64714665888745,79.26305851646023,105.86545265667138,75.63716031095791,63.756,132.4434114311661
2023-03-06,59.76078239080128,84.78805114775979,111.44215043845543,55.40145499556446,53.1054,131.60381337815878
2023-03-07,64.10342988114789,76.27735169215916,101.18700060497385,69.86085097274966,59.42604,124.05981700509385
2023-03-08,61.84914627463285,70.33981292173789,111.00983023160524,61.912992337612486,63.09174,135.9756286285435
2023-03-09,56.08364704448697,76.39855309679157,83.59768635614154,61.05696119256002,64.50978,139.50269160844937
2023-03-10,62.075686946274416,72.37806226366732,98.50175299887513,70.34997967931919,58.92726,123.67365024647124
2023-03-13,72.18393665852523,100.6470429661448,133.24116175258177,65.63572959674057,64.5994,148.02479064587862
2023-03-14,74.61588104817434,91.57917450193737,122.52524472486873,81.39787624470468,70.33427999999999,143.6527356644487
2023-03-15,72.05929603258389,84.34719974232988,132.8418592043829,73.98318192769321,78.45128,154.03590676084153
2023-03-16,70.09382191480191,90.96844993439065,105.00819061230702,71.03436139299185,76.68904,163.96638573357222
2023-03-17,76.99354878117902,86.19836831531197,120.73787284213466,83.29236306966345,72.4021,183.04985522047446
2023-03-20,89.28095557318437,106.8127038061617,139.46196856179188,114.10366980175301,101.4197,232.23783184068125
2023-03-21,98.00123896061521,148.78476195692937,126.74248017242971,103.27016269897312,113.8045,224.30323368465776
2023-03-22,120.60165994965102,140.8004116054311,150.98784743269334,128.5212665096125,126.2458,243.11512857637936
2023-03-23,122.28609015727865,155.96627769554107,170.2753739604118,119.97691441045977,115.7392,220.28184676334166
2023-03-24,123.78218963560832,146.72207282558844,191.77803165542358,141.75488264951446,112.4228,219.20297567588418
2023-03-27,122.84434668417713,137.6804925377682,143.22861640710823,113.46305940464565,102.3096,230.8562018945053
2023-03-28,129.4276828689381,156.06069092963656,196.68338488803101,138.48179249139633,112.7904,223.93045190939145
2023-03-29,125.45302493113526,144.92115545226363,209.29930819763484,129.05016144711644,129.8328,247.1289654435381
2023-03-30,125.88857707714915,159.82790989749074,171.42280833512544,120.68197212457224,113.7432,265.3143432262497
2023-03-31,130.31094018844982,149.94558960757277,197.28148987137916,142.01992986459186,116.4912,218.82649804700458
2023-04-03,114.2047,163.77143678299495,150.83485364684458,89.29998570031134,99.98043022410388,190.66548441612377
2023-04-04,122.26,142.8770877305941,136.89928638151318,109.63941203885702,110.3527940402898,184.00667425813475
2023-04-06,114.2632,147.21040801826413,118.92120191510361,91.6331002412497,111.73837305559243,205.20328074435955
2023-04-07,116.4656,138.59471352086754,134.771927864982,110.8570392410671,110.57371447373298,176.7426435144036
2023-04-10,116.6552,130.00046531110905,153.07016226089542,88.54898140628893,101.00972079877542,190.91943678412576
2023-04-11,119.896,148.02587015067166,139.46927227632108,108.26858324016109,108.4402074506294,186.8444780175711
2023-04-12,117.7448,137.26160756023626,149.69141100717005,99.89734498286155,124.17521951851413,202.82784936366423
2023-04-13,115.9912,149.4724220010878,195.61585105170948,95.67991475529469,117.18830946807377,216.36741753767683
2023-04-14,122.7416,140.9579901942868,137.44518891303835,109.71221682194565,114.75056675421803,184.28086142058714
2023-04-17,78.8472,113.48243938245182,151.97707457458608,102.9478043027596,107.94298173186453,220.83586858038902
2023-04-18,83.3376,98.9373239769197,155.11190305528655,109.44716957814042,106.309509200704,203.99445112439764
2023-04-19,77.1152,91.89787148530999,164.8365942602316,98.94932587733604,85.20605078736754,205.3744800787356
2023-04-20,76.3648,100.67464818132181,148.33772919856082,65.16356035906199,83.27437111790717,146.63405076409023
2023-04-21,79.9856,94.5903585061576,94.7024932259251,75.02368922547144,77.33893047220901,125.72595695851282
2023-04-24,86.99622,123.83866632670372,116.37251975656739,65.9654952062991,77.41912140736893,147.9079149115832
2023-04-25,91.09766,110.87381338269094,106.61921550201055,80.60394628458394,83.06529225112781,145.00357888752993
2023-04-26,87.3953,101.69294027490015,113.78106261934127,74.0689627185902,94.28627596363556,150.40379459810202
2023-04-27,85.26394,111.22068936894388,90.93727483650342,71.27260314903988,91.62153774549118,162.65178707485336
2023-04-28,91.74162,104.49452784448845,104.3552176534094,81.49844487068037,87.03447353839451,140.8954109651596
2023-05-04,78.63871393171631,96.64429162953434,135.8432,73.50880000000001,76.90567084507721,164.8456
2023-05-05,77.63746854389349,96.62731475100391,127.3616,90.8896,74.65841561392433,161.3136
2023-05-06,79.2991024828277,103.90468882426796,135.7544,80.844,74.53372039861576,168.712
2023-05-08,53.09547297371419,74.4503284687398,115.49092,58.8716,51.41182243107209,140.6489
2023-05-09,55.8809352912339,64.7119587305999,106.62882,75.36606,56.0861499615952,140.05617999999998
2023-05-10,52.336780413373134,60.19424726343258,117.05048,68.46536,62.35742923678546,145.96758
2023-05-11,51.592414044420366,65.65540463476506,91.89848,67.16214,62.093222046641294,155.45208
2023-05-12,53.55024101764848,62.42721727718083,106.12672,76.7421,56.799668664545294,135.13158
2023-05-15,53.52401925835467,76.68209598698625,118.042,62.1725,51.56917424261795,141.4655
2023-05-16,57.0576789937602,67.29493510173859,110.0579,75.9833,55.47439593993812,139.8711
2023-05-17,53.784788135309775,61.76730377906662,117.8156,68.541,63.0600275729355,146.5117
2023-05-18,52.42742174338143,67.62281554189592,93.3575,67.661,60.87940274981139,156.3508
2023-05-19,56.4026984009637,64.24821233201257,106.9798,77.1974,58.043884350768984,135.1386
2023-05-22,52.54058255850453,75.12261965388586,118.8333,60.5047,52.371944364452595,141.5969
2023-05-23,56.07279357792697,64.49600657175007,108.76618,76.1286,56.30713548945709,139.46696
2023-05-24,51.9384800990906,59.65859163383765,117.0572,68.0002,62.333946342764314,144.69734
2023-05-25,50.62529954464631,65.71774200157836,92.4326,66.5608,63.20141758518868,154.0124
2023-05-26,53.73182951770593,61.760168972422605,107.1615,75.3051,57.512645454556434,134.7904
2023-05-29,54.24419207038994,77.42211171879367,118.6098,64.04429999999999,51.18958886129018,138.7622
2023-05-30,57.11892748615613,68.5010380900435,108.9201,78.14020000000001,54.92386165877813,135.3813
2023-05-31,55.60179991498214,63.43612703646398,117.6488,69.7761,61.96897618918397,144.5145
2023-06-01,66.1534,85.7643,92.7618,68.7042,74.397,154.8152
2023-06-02,70.9964,81.6926,106.8365,77.6693,70.2607,131.2856
2023-06-05,64.99586,91.7572,113.7511,60.06016,59.46714,134.39594
2023-06-06,67.94686,79.3173,102.79176,73.3019,64.4778,132.68406
2023-06-07,63.813500000000005,73.67323999999999,111.5347,67.4321,71.53516,136.68424000000002
2023-06-08,63.02486,80.0458,88.47206,64.7248,72.26406,146.0152
2023-06-09,65.22444,76.11896,102.4815,73.7116,65.5257,125.41022
2023-06-12,69.86386,98.2702,123.3994,63.3474,65.5016,146.1571
2023-06-13,72.8529,87.3073,112.0667,78.3552,69.9706,145.00318
2023-06-14,70.2854,79.56418,122.0802,70.9252,79.122,151.2761
2023-06-15,67.75236,86.5695,95.9778,69.2968,79.4194,162.8232
2023-06-16,71.76336,81.7107,111.8883,79.1801,73.2333,139.7474
2023-06-19,69.04956,98.3575,116.5654,64.34779999999999,63.4058,141.05008
2023-06-20,72.809,86.6128,107.7068,78.7636,68.9356,138.2858
2023-06-21,68.1575,78.98367999999999,115.25206,71.6488,76.8699,145.3215
2023-06-26,66.6712,86.6168,91.6208,68.9888,75.7792,155.38
2023-06-27,69.3976,81.6144,103.7904,78.836,69.9712,134.592
2023-07-03,75.7,106.11369608516401,127.716,70.112,70.004,151.86
2023-07-04,77.888,96.04569807425376,115.148,86.128,75.3,148.824
2023-07-05,75.988,86.89075913325678,126.64,77.188,84.78,157.064
2023-07-06,73.3,94.96220131129002,100.08,75.324,82.096,169.632
2023-07-07,79.412,89.23630643285618,113.476,85.496,78.592,145.848
2023-07-10,90.93654,97.71807665625575,157.4758,86.42456,85.90618,188.58528
2023-07-11,95.43856,117.3889610885151,143.6762,106.37926,93.4871,185.3855
2023-07-12,89.34484,107.4866528634918,155.58092,94.01144,104.39998,192.55232
2023-07-13,89.41106,116.46214526194849,124.56306,93.85402,101.81944,207.87996
2023-07-14,92.29014,109.0344503086072,139.52106,106.19318,95.0151,180.97352
2023-07-17,93.2995,135.1661805993232,160.7924,87.7592,87.3458,191.9698
2023-07-18,97.2684,122.98662189313002,145.9098,107.89558,93.9146,188.7881
2023-07-19,93.3243,111.39655441267436,160.7594,94.813,107.5663,200.72346
2023-07-20,92.7879,119.7495231372642,125.0443,94.2771,105.1674,214.0713
2023-07-21,98.5976,113.46585061812114,141.671,108.2887,99.1684,187.0493
2023-07-24,94.32174,139.90329337564566,165.31992,90.0242,88.32304,195.43038
2023-07-25,99.4423,124.07159984080718,148.6033,111.833,95.4527,189.55144
2023-07-26,93.00564,112.79696383370423,161.05482,97.54276,107.79626,196.24576
2023-07-27,94.01638,121.83290074258917,129.59368,97.6966,104.18436,213.35074
2023-07-28,97.72574,115.9537945522239,146.20911999999998,109.43316,98.13714,184.69822
2023-07-31,90.6567,118.20340977887774,156.556,81.02720000000001,84.3232,186.7794
2023-08-01,93.948,113.8096,142.2368,104.0636,90.7424,182.2417
2023-08-02,89.5291,108.7724,153.1933,83.4057,101.1497,194.208
2023-08-03,88.1238,112.9257,121.64496,102.2513,100.0276,206.517
2023-08-04,93.4733,112.5993,139.7832,103.0162,95.0239,178.1856
2023-08-07,85.51526,112.61858,146.6996,77.8404,80.73186,175.72434
2023-08-08,90.2123,107.89808,136.18996,99.23722,87.05258,171.60008
2023-08-09,82.78966,104.79596,145.5221,80.54184,95.94626,180.8061
2023-08-10,83.98388,103.13794,118.7319,96.45154,95.55766,192.79326
2023-08-11,87.76183999999999,106.795,132.78504,98.84896,88.77688,167.41672
2023-08-14,86.45724,111.1012,147.49838,78.3636,79.851,175.2054
2023-08-15,89.0159,111.44336,135.04942,98.47378,85.35496,171.36852
2023-08-16,84.89406,104.39456,146.13054,77.16398,96.1824,182.07332
2023-08-17,83.27871999999999,104.68886,117.60594,97.35352,93.73036,196.21428
2023-08-18,92.04648,105.36986,131.00976,96.48314,89.91316,167.8295
2023-08-21,87.08656,116.464,149.22206,80.06228,81.1796,176.42008
2023-08-22,92.13902,111.09316,136.5136,100.91798,86.40176,172.77514
2023-08-23,84.45291999999999,103.394,146.1329,81.3913,97.47956,180.83646
2023-08-24,84.36824,105.47516,118.44318,97.22476,95.2208,193.94882
2023-08-25,89.26824,105.4548,131.92824,100.44862,89.0166,168.47296
2023-08-28,87.2378,113.20906,147.06916,79.2305,78.2487,175.57174
2023-08-29,90.538,112.1401,133.12148,98.40894,84.7329,170.3067
2023-08-30,86.65162,103.1926,143.76056,81.34726,95.54694,181.9952
2023-08-31,85.362,105.66604,116.58998,96.72388,92.7549,189.2384
2023-09-01,92.97566,105.37338,128.43639086083755,99.77328,88.11034000000001,166.8716
2023-09-04,95.3072,128.85846,162.66877874637322,89.22488,89.6004,195.67724
2023-09-05,101.39566,123.46654,148.53788194918243,112.28528,96.43296,188.60228
2023-09-06,93.22258,113.85764,158.7322149172816,90.01245999999999,108.7641,199.92482
2023-09-07,93.39222,117.3865,130.52366602864575,107.614,106.15888,208.35272
2023-09-08,99.73064,115.88582,145.13563583104138,111.5951,99.171,189.5659
2023-09-11,102.00464,134.31928,167.15277455195783,93.8968,92.34838,203.77792
2023-09-12,105.64316,132.66986,153.16530764997856,115.98764,98.92972,200.44534
2023-09-13,101.86142,120.71326,164.95560341419147,95.30624,113.3902,212.91284
2023-09-14,101.47452,127.76892,173.30347580353381,112.5135,108.70242,223.05364
2023-09-15,109.84626,123.36658,152.28740012003487,116.3732,103.17362,198.0525
2023-09-18,99.82708,136.13764,169.5914962834309,93.44034,94.4139,202.46418
2023-09-19,105.10354,129.30188,154.84462282753523,116.42456,100.0595,197.58946
2023-09-20,96.7264,118.5584,164.23126669050185,91.04228,111.5594,208.90604
2023-09-21,98.11118,125.0918,136.28376257408166,111.2894,109.38212,219.01406
2023-09-22,105.27258,121.80406,150.67458175139217,115.95668,102.4801,194.68592
2023-10-09,110.11410887501731,144.2820331596699,180.94994735144422,101.30592360720975,97.46718082200356,216.59660132466178
2023-10-10,112.56905306830497,140.30141955315216,165.61552384873096,124.94848658254683,104.01399664258048,207.82766533899084
2023-10-11,108.91976076148126,127.77754608115312,177.64705276483483,101.15089751405371,119.19422239975276,225.71034287238888
2023-10-12,109.25429885545735,135.29923504354693,145.51059295810202,122.17837291553847,114.0485503788672,233.5432434254544
2023-10-13,118.90275443005908,132.49690792808926,164.11755816740273,97.95164980864551,108.4105970506276,209.41166006230358
2023-10-16,106.3215588751056,142.3208468250415,176.52982544214285,99.8808144396075,95.518488171293,211.70441444490476
2023-10-17,111.92236737362848,135.46403127902428,162.32334095127916,122.67308049816056,102.08872400536833,203.88821231916813
2023-10-18,103.91887801334445,125.98701398054284,173.987832074775,99.09565675418484,114.88416539591664,219.430245285041
2023-10-19,106.13744041651108,131.81080633050533,142.96358718852872,117.76782873281664,111.87128208460344,226.81074284758475
2023-10-20,112.29495799784331,129.34065221912155,159.82211512184907,101.8011003900134,104.69350897123313,203.0173497553022
2023-10-21,108.3451145599324,134.44721274423742,153.5186032387789,122.72195078808315,114.21308663221305,212.34478325379433
2023-10-23,94.91249056536152,125.70541565840479,156.00604337166354,88.02869736672275,115.66149333668345,187.16733823301726
2023-10-24,96.97405565456641,122.78123840609685,142.71163043766757,108.37790298239432,90.45283145636772,181.30308048831526
2023-10-25,94.82230663411218,110.66346927023805,153.23502035241137,121.4954236446971,103.2244471323964,196.4227902492385
2023-10-26,93.96277932280066,118.46696375085982,179.11705137090576,104.7644662167743,98.95407506481898,205.35026705961653
2023-10-27,102.73208763364977,115.45657408915885,142.28735843765423,106.91507865218962,94.68477257266116,182.6358260753738
2023-10-30,91.90592603773628,119.11068433006174,153.07085489795622,85.55065474403608,83.95119597679162,183.24948385621818
2023-10-31,95.70330092508787,118.39372935109574,141.49846202387258,106.14377436232557,89.15608190582155,176.88885310862617
2023-11-01,96.0701,119.8921,163.23614,90.16966,109.3721,201.97944
2023-11-02,96.45846,115.0223,132.80002,107.067,106.0722,208.33502
2023-11-03,102.2966,120.61416,148.1187,110.95136,98.1015,188.13394
2023-11-06,97.2985,125.998,168.4049,89.0761,91.5317,199.08376
2023-11-07,99.46186,127.8689,154.2125,110.7841,97.9907,196.1064
2023-11-08,95.82626,119.22586,166.80134,87.85746,110.38958,208.26804
2023-11-09,95.48506,116.63562,132.20686,106.488,110.13116,216.24216
2023-11-10,105.94728,121.0251,151.74216,110.04506,102.29556,194.23162
2023-11-13,101.57854,130.26048,172.23902,93.1462,94.44058,200.18278
2023-11-14,105.41926,132.47048,159.42884,116.80972,99.8091,195.39454
2023-11-15,97.2407,125.1888,168.46688,90.90902,111.88456,205.23874
2023-11-16,94.67796,113.6307,132.74894,106.1579,106.34754,206.17664
2023-11-17,99.9977,116.4152,143.4799,105.1697,96.1842,177.13762
2023-11-20,96.88984,124.44102,162.37109999999998,89.95360000000001,87.83196,184.29796
2023-11-21,97.97786,128.62216,151.3898,110.4971,94.14148,185.14448
2023-11-22,94.62428,122.36452,160.91484,89.31786,108.62518,195.9873
2023-11-23,97.63516,117.23466,132.24036,106.22724,103.3539,205.44856
2023-11-24,104.51426,123.64296,148.02732,109.29732,98.1783,180.04464
2023-11-27,92.19522,117.64934,155.25414,83.69462,84.3489,175.27264
2023-11-28,94.1812,119.4924,143.53784,104.88838,90.9528,173.6795
2023-11-29,81.25713999999999,109.8319,140.8535,82.7805,100.57926,171.67934
2023-11-30,89.908,109.03952,126.8424,100.02562,99.16136,188.2223
2023-12-01,66.38330094246123,57.634498326349956,118.26503339907211,71.74987964887201,74.71230127842945,140.83156942706157
2023-12-04,38.4043840666006,33.42653237771019,73.84835722819125,21.37945238089855,88.2914916341422,164.15099270491774
2023-12-05,38.38917281790846,33.505286458666816,67.68964872992458,26.972412635582103,84.3171981031394,155.98955548365467
2023-12-06,36.28119048376444,32.562718326110414,73.74234740739922,21.739516558173793,48.70043745158341,88.4900656360562
2023-12-07,37.616870641176504,31.601096948869053,60.495808411358254,26.58498790092195,47.224464357803996,92.46851016152299
2023-12-08,40.37058200597501,33.17435058142667,68.55830975547899,27.398973957000237,44.533949813130796,80.72075205697865
2023-12-11,39.22390449448107,35.07936368957139,79.27344323679347,23.663850497239924,42.23067825048071,87.5574536679309
2023-12-12,40.799709193273756,36.4373970126355,73.23712928014379,29.10375079170511,44.617796972543054,86.8860672392442
2023-12-13,37.121035790342454,34.99298630196433,78.24938125886933,23.051923294314456,51.094864177080886,90.9675302873065
2023-12-14,39.31308332085704,32.984149582692375,64.560607137835,28.069203400281225,49.8310667830344,95.89609992973983
2023-12-15,40.74510138665264,35.93901957390729,71.3615526838922,28.80627104728469,45.82611850051316,85.358564183496
2023-12-18,22.17730917274133,68.67471547716445,47.36673838486811,77.76173260134595,24.512667522150572,54.27931490531968
2023-12-19,24.608804228832998,97.1579613992121,45.301721917260224,77.80570599531212,27.299452832075733,55.145978666837394
2023-12-20,81.44118543436488,126.93591447432401,48.49064898691043,104.59667230258572,30.86251050688681,56.516288538822025
2023-12-21,90.60023539523347,136.13090623142338,113.46799726526388,94.08719585097225,23.674683128256994,50.927124884354875
2023-12-22,95.16687062533411,142.56592323797187,119.30501491673903,108.23569113750969,70.22409868874847,144.86357222675667
2024-01-01,103.60303540427154,160.25622067421548,150.78196754414344,135.98701773764242,97.18444650426011,184.88712189060692
2024-01-02,124.87017876615715,198.09827134892308,167.556872088207,125.29309843966831,105.82292152646478,196.6785454668182
2024-01-03,152.99059293016714,193.82596381068623,171.90519461729608,132.96814986357785,100.76791544068531,198.55485435646133
2024-01-04,155.40359542570368,179.64431017576592,221.99091488664567,124.78192307801899,113.64810293835494,239.6461858878851
2024-01-05,169.4325425462269,196.44400263908608,253.5900316029555,168.1357564473603,173.2731405387861,329.0232931297484
2024-01-06,156.1736667528407,186.26951809628326,262.7212680131376,127.32389554197633,151.19209782558585,327.13005307404904
2024-01-07,154.95031492898624,189.4568726065346,238.97600887542953,159.74039754609475,159.13334562278135,326.9830970824355
2024-01-08,148.22356495539563,182.62752434866766,271.0368693910178,156.58975420060793,178.51234801944443,341.2911105583042
2024-01-09,152.3536411541107,171.42989819476603,244.70970864435057,158.97629253524445,179.9979149212649,349.8308865154012
2024-01-10,167.23269983818017,185.67417655469,241.82567589944318,161.35432447606382,165.3882742341266,318.1339400903628
2024-01-12,155.37579197516152,180.05015092611436,264.9558383702293,127.29695594223482,150.13537197305456,322.2710520414007
2024-01-13,156.03549202893424,186.73554364728454,241.1945698672178,158.2448415846869,160.07816275527904,328.8557117358032
2024-01-14,143.9612117344043,180.74471605797314,273.0329844649055,126.98510966643906,181.12981609717755,343.2960715433004
2024-01-15,152.05538595738588,167.8342630098155,213.4183210657365,155.8668096438675,140.0716522010801,347.6652192705703
2024-01-16,125.88291335004868,181.403495632687,247.00933986506473,158.64648652628767,167.78021634171563,319.5665461606537
2024-01-18,138.28004000695915,156.94813386469832,227.5588036195499,113.06060200610393,128.56432548779384,279.1974774468897
2024-01-19,138.622106701508,164.87219484795395,209.55922142943177,140.6777734986957,141.12800140790512,284.6632090647962
2024-01-20,131.1952152915379,159.30022093886186,234.48917359959492,113.49653371101212,123.59288434424828,298.7649685173476
2024-01-21,138.19662965533274,152.10163079590836,188.41169246175156,138.63852743341357,154.98503459619127,244.70247435622656
2024-01-22,102.07091564302331,128.89676632984498,216.65052766068513,97.55570082626416,147.04634959411106,281.4147081975499
2024-01-24,80.27835611252453,93.02526744289983,133.63322660625622,100.36903325629797,110.06887375192083,223.18178451468825
2024-01-25,84.07015699631017,97.70799058964285,129.10784246396722,84.47238039555657,111.60048032326934,207.0002755878318
2024-01-26,76.71835596602396,95.5474375770165,139.892151166502,70.13388047707244,96.11869862964701,175.31377134023197
2024-01-27,83.37738768696839,87.83941156232058,117.1675943916605,84.00501915761662,96.37081359911208,179.91398802799944
2024-01-28,88.36926553638945,98.59622471684577,129.23465348913402,85.37210180056019,91.08665042080663,167.91945718033895
2024-01-30,74.64847332604165,90.68487167291717,126.32747913975403,64.1531872905172,101.86566060760703,158.80216995795377
2024-01-31,76.73446932940634,94.65422193759738,120.25476877593252,78.90904691711802,100.22340029732584,161.16592700434555
2024-02-01,69.1763,85.69395189624812,121.74340837436239,61.3882,79.23151431524992,150.25755389512048
2024-02-02,71.7049,80.08958828417822,96.53188019512223,76.7442,78.89487716137108,154.02393511307858
2024-02-03,78.3869,91.59524453255241,110.83607799864431,77.8445,74.13800959794487,139.684446849118
2024-02-04,91.736,114.69492922997017,145.14857868315036,84.50604,77.4618009803389,171.36559005575901
2024-02-05,98.08068,120.30745691831777,140.94076676076884,101.79258,86.200342874633,172.45014039607906
2024-02-06,91.65658,115.11066911426505,147.18203225482907,84.20714,95.93287750237033,177.95887443224254
2024-02-07,95.95054,104.3871352983306,123.65610873740958,100.82058,90.72356647898187,186.6268081745757
2024-02-18,101.51716,120.69534866742502,136.94784634242833,103.11648,87.69213279425294,166.59145806532828
2024-02-19,85.1444,104.45700095109164,134.29149054640527,76.584,71.64462892614895,158.06595366472268
2024-02-20,88.78322,109.64266127617934,130.0131676543652,90.8681,80.26238380799244,160.5635890452979
2024-02-21,85.92868,105.02728915434528,138.4473809322811,76.58952000000001,91.33736529306033,167.55748126551907
2024-02-22,91.1963,96.7679522366226,115.09581145753155,91.78174,84.76996213469366,176.4810856113895
2024-02-23,97.5802,109.36005863579761,128.8017888050971,93.32448,82.12663290297156,154.37851337407724
2024-02-26,62.61904,77.4992407073294,100.5429995123056,56.39928,85.31640514721165,169.62021878888734
2024-02-27,66.87596,79.43544167242798,97.4248564215013,68.2299,60.02069547068567,162.95130011387658
2024-02-28,61.39288,77.39051719151587,102.04021042301424,56.46134,66.61083408870508,121.89980057850983
2024-02-29,65.40978,101.97727423340284,134.8646349007835,68.0855,64.02405052338736,127.85031057641805
2024-03-01,67.0766,81.5329,138.60054437392827,69.3846,61.63086,162.42581194308238
2024-03-04,89.6976,113.86908,149.96195424841187,83.0162,79.0921,170.31541802568395
2024-03-05,92.94418,118.6137,142.61980330729494,98.5843,86.26,174.42719588766602
2024-03-06,89.49714,114.1294,151.6871088601738,81.40418,98.91328,180.94851904423706
2024-03-07,94.1242,104.58024,123.413648516251,98.5808,93.8322,187.56975426516155
2024-03-08,98.648,118.108,139.4378288588909,100.6967,88.66124,169.0128139936233
2024-03-11,91.0892,117.996,155.35448378052897,85.0656,82.1996,174.42011566044476
2024-03-12,97.2304,122.8504,147.00181332162944,101.3644,88.9428,177.05143576033473
2024-03-13,90.3868,118.0152,154.02986634926333,83.0148,101.5928,182.52076337314745
2024-03-14,95.9448,107.3136,127.4198182835216,101.006,95.378,191.6173761963616
2024-03-15,99.398,122.6184,142.5591581718876,102.4936,90.5252,172.4617129777955
2024-03-18,102.8972,135.8762,142.7770049377671,96.9165,91.8406,198.95497657984268
2024-03-19,108.108,141.8929,168.83402217015754,118.6563,100.9322,204.66412470243404
2024-03-20,105.8488,134.9761,178.87051279326502,94.9285,117.2275,211.16980824845777
2024-03-21,111.2681,123.9562,146.12497243949315,116.6649,108.2897,220.64571614108493
2024-03-22,118.7522,140.8174,165.03163202729021,118.2407,103.7363,199.66792982231772
2024-03-28,97.66406,105.9403,125.90664235887759,100.4051,95.5092,202.33670215477918
2024-03-29,102.3801,118.80746,140.96650520136765,101.228,90.47478,181.8337052235457
2024-04-01,91.3948,117.7003,153.63559999999998,83.7832,80.22240000000001,174.25710315345736
2024-04-02,96.95826,123.29296,145.77236,102.57186,90.3957,184.33319546079437
2024-04-03,90.69952,117.52612,152.70116,81.38898,103.25182,170.5276973527633
2024-04-08,90.718,116.80692,153.62992,81.1896,82.8021,175.5080818857602
2024-04-09,93.38896,121.15386,145.22496,99.2199,90.51478,189.21585392483203
2024-04-10,90.23304,115.10768,156.05366,79.65112,103.30148,172.04966038983451
2024-04-11,96.15178,106.4518,126.20894,98.72834,97.1606,168.7441318573967
2024-04-12,104.7318,118.1736,144.0238,100.4408,93.68902,189.1627991588409
2024-04-15,104.98136,119.43104,156.71162,84.42746,84.89238,176.20354481827889
2024-04-16,95.80094,124.88292,149.9677,103.7968,93.43494,189.3242314468108
2024-04-17,114.96576,119.09644,159.80874,83.38736,106.08262,174.44731056450874
2024-04-18,82.01002,108.74538,130.05858,101.65522,98.7244,212.41164061507746
2024-04-19,88.59808,122.0587,146.3561,104.0882,93.37878,190.63768115357266
2024-04-22,103.23574,117.56054,155.78902,82.1601,85.7015,180.12244928315036
2024-04-23,91.39906,120.876,148.17046,100.248,92.54456,193.80450393565397
2024-04-24,112.5425,115.1201,159.25676,81.01208,106.6973,177.07730821436698
2024-04-25,80.81398,107.3483,128.16876,98.9361,99.8529,214.3371236223414
2024-04-26,92.4457,120.3243,146.70476,101.3201,96.58614,194.43322316255941
2024-05-06,100.31186394201274,115.63068650224224,154.5302906247923,79.3725280262064,80.6069758942011,171.30932095899107
2024-05-07,92.01401250688,119.94618295952252,146.24075160800845,99.55613943522737,90.53277646419981,183.28246480642167
2024-05-08,111.48018604860803,114.03601774221636,156.9042995577233,78.914581574087,103.64548225451344,168.82465895580597
2024-05-09,79.37395427983198,104.90570851460141,126.80893578224992,97.2700972390172,97.84890938312554,203.9583352405042
2024-05-10,88.12544056579405,117.3881406385183,141.6249719036049,98.6252024223342,92.94563786058457,186.08665882329188
2024-05-13,97.09866648919932,110.61175932734467,148.32875973806213,77.44896369323374,80.88875717142119,167.57750893806633
2024-05-14,86.5787138365424,114.83190598680031,139.55848825351154,95.06523645931911,87.18391728386496,176.7322384105658
2024-05-15,107.1104387117628,109.57082723993786,151.36256649332364,75.77168750382859,101.03480797040643,164.19170038298265
2024-05-16,77.81638346101417,100.86956356038704,122.6104981888505,92.47414894045752,94.77841272631036,200.05167530169095
2024-05-17,88.8225606093342,114.08048640665783,139.40804587761852,95.75033949041544,89.56667465460978,184.36092085616605
2024-05-18,80.50000196470207,108.60266162506113,130.920443559516,95.78509815467386,93.80525565312128,195.00854731018234
2024-05-20,89.88407648797916,101.30309973952015,137.49572559064535,68.7208260137586,75.7814050460405,156.4538373986619
2024-05-21,80.43967774173012,103.9690504028639,128.36537703441775,86.70856526145985,80.72332747847247,165.63096724877263
2024-05-22,97.49603447670641,99.86236829029075,140.98122203131578,68.9924715228567,92.25503062002106,153.07511061976302
2024-05-23,69.29918306074117,91.12108852117197,112.45248928841698,84.10423135761958,88.58199761658075,185.27861679946972
2024-05-24,76.7444825018852,103.54862458308045,127.17914538837633,86.12061500247844,83.14015842776496,172.9253103304832
2024-05-27,89.01763946925489,101.18817002911092,136.67710840066425,70.83428673710392,74.79122001593853,155.0131693258193
2024-05-28,79.63863039183616,105.00102025623053,127.03259573758253,86.60108030906159,80.34942978210184,164.85840984679615
2024-05-29,97.83243075779907,100.53695241171926,141.260887614914,68.03343325040166,93.87553886710222,151.47277354941858
2024-05-30,70.14134997424588,90.81359446153401,112.2787668898718,84.94717452744023,87.60858347268703,183.97734989313082
2024-05-31,81.0704327221404,103.50543080118824,127.98679043653371,86.6275730790189,83.37626135693205,171.21926500301558
2024-06-03,78.4062257916889,89.82637708997012,121.60549237890541,62.37301870225342,66.53341484534234,138.11978310384345
2024-06-04,71.82560122448105,92.4340126295907,113.00270839797757,77.17583189656703,72.13410746402826,145.5953933186759
2024-06-05,86.93050244533222,89.33744542629125,123.75942018524138,61.55125436510333,82.6176126348567,135.1932189462814
2024-06-06,61.18992300510755,80.65942695987718,99.28864799336368,74.93532643922507,78.04387182727837,164.49101404321974
2024-06-07,67.89347820416172,92.66986659689944,112.51398054981284,76.4315455647469,72.87859635626263,152.0277117520782
2024-06-11,68.04644323606381,89.96590781550634,110.37578460557526,74.18943711419121,68.99091666982105,144.68726507030973
2024-06-12,85.9597936147638,86.96910859979167,121.6987319866197,59.28683298602099,81.89720193873708,134.0420189825178
2024-06-13,58.70189043508237,79.35609071367507,97.93275464620169,72.78528875980702,79.37152197626419,164.6567540351017
2024-06-14,69.7021523823491,90.19481673077418,112.68647382408435,75.81454057913825,73.84168698571195,151.6399584675891
2024-06-17,79.17309917438975,90.38190717268645,121.64135805270945,62.261969965482045,66.37930694717974,139.7573676961961
2024-06-18,70.42696270880322,90.70299081864101,112.25933612316676,77.1955468705749,70.25005374454526,142.45486816409345
2024-06-19,85.76551033504786,87.53056512691622,120.6630479695364,60.657613286266624,80.25510245733764,131.28336559698437
2024-06-20,60.525628363824666,80.41431292318062,97.08997631950103,73.84193766579097,74.94053844889636,161.12090569603157
2024-06-21,67.23489996760117,90.65337536686087,109.86110940044303,75.72127216939266,71.07392253216258,146.44088435528857
2024-06-24,78.13394244883993,87.54180685115308,120.53017224172997,60.60733088994191,66.2302975233104,139.7005377851769
2024-06-27,80.76462666246277,105.47444917818576,130.22156532513145,89.33283274549777,82.98142764826567,171.13251298661245
2024-07-01,100.968,116.1042,150.71236,80.952,81.808,173.1882
2024-07-02,88.652,118.672,143.91396,100.524,89.348,182.6447
2024-07-03,111.348,113.77676,155.27544,79.172,104.57208,167.29302
2024-07-04,78.55208,101.312,124.98104,97.89246,96.48808,209.23176
2024-07-05,91.9684,111.80008,141.0594,101.03228,93.48416,188.49554
2024-07-08,101.88816,114.852,150.95616,79.82,83.432,171.9
2024-07-09,90.484,115.40432,143.11508,98.764,90.4,179.23032
2024-07-10,109.68,111.3204,153.50996,78.388,104.68816,166.10036
2024-07-11,78.46408,99.66008,123.65548,93.984,97.432,205.0683
2024-07-12,88.324,109.864,141.32952,98.3322,91.52816,187.42582
2024-07-15,99.8492,114.10648,153.09136,80.86584,82.9864,172.6731
2024-07-16,88.8944,116.53468,142.49336,98.2882,90.708,183.31788
2024-07-17,109.7768,111.0114,154.22232,77.4221,105.81876,169.18896
2024-07-18,76.7836,99.55056,122.39222,93.78808,97.9016,206.99124
2024-07-19,91.37928,109.96016,142.62866,99.6112,93.9397,189.30914
2024-07-22,101.29784,114.44,148.72548,80.8904,81.31388,167.5599
2024-07-23,89.5138,116.4165,139.41428,98.5176,87.84568,176.70792
2024-07-24,109.7168,109.69048,149.6744,78.2221,101.65688,164.3634
2024-07-25,77.0904,99.0056,122.18316,93.8494,95.0456,202.4311
2024-07-26,87.61094,109.80488,140.6813,99.2642,89.14264,185.22704
2024-07-29,98.5162,110.5884,147.50144,77.55199999999999,80.95252,173.98072
2024-07-30,85.656,113.304,137.8448,94.232,87.47608,178.78456
2024-07-31,107.06,108.40076,150.7371,75.6922,101.74444,167.00052
2024-08-01,76.528,100.53228,119.55328,89.844,94.56,194.47896
2024-08-02,88.8,112.5002,138.23676,96.668,89.54452,185.02324
2024-08-05,100.36452,113.548,149.03078,78.56016,82.13686,175.617
2024-08-06,89.3007,114.56016,140.1058,97.4244,90.132,178.51796
2024-08-07,108.568,109.744,151.80216,76.156,102.892,167.44618
2024-08-08,77.64866,102.0004,122.56204,94.472,97.264,196.32726
2024-08-09,86.504,114.792,139.4882,97.2084,90.464,185.11336
2024-08-12,99.62536,112.69208,152.2444,80.252,82.80136,177.16368
2024-08-13,86.9752,115.94228,141.7093,96.60728,90.9304,182.55098
2024-08-14,108.0103,111.4352,154.38136,77.124,103.23048,169.75288
2024-08-15,77.42968,102.00848,122.9912,96.1944,97.2616,197.90876
2024-08-16,90.4677,115.7576,140.92488,98.2784,93.0184,188.55484
2024-08-19,101.52772,111.49864,149.01584,77.9768,82.372,175.8682
2024-08-20,88.73519999999999,113.5776,138.13096,96.04,90.9034,179.92526
2024-08-21,107.6168,109.57296,149.98556,77.0896,101.86248,168.3247
2024-08-22,79.2152,100.8704,123.99704,94.1008,96.5476,197.70552
2024-08-23,86.1114,115.3416,139.5292,96.90496,90.17418,185.83276
2024-08-26,98.5456,110.1364,147.58,77.25068,81.44575999999999,178.51364
2024-08-27,86.0776,112.676,139.0968,94.2616,89.15384,182.99004
2024-08-28,106.4008,109.58316,152.40304,75.4176,102.11288,170.14268
2024-08-29,77.13848,100.56488,121.6872,92.8408,96.4536,199.15256
2024-08-30,89.1224,112.8408,138.78888,94.96008,91.5196,187.3094
2024-09-02,103.84695879812786,114.9046594222272,150.724921539707,79.43994949694763,82.40597820935172,180.12204707506473
2024-09-03,93.00026267085353,116.11848895733978,141.73370718762368,99.23114084865854,91.10283511867766,181.4247260536728
2024-09-04,111.02643906425425,111.97411058596145,154.7748271037313,79.75877577292466,102.69630734978715,170.75984736403157
2024-09-05,80.91103483638715,102.84716704815003,125.76492521949146,96.2900783029822,97.15125316834471,199.56616212316393
2024-09-06,88.53189597383192,116.56229177881968,142.98028933509195,99.7971301013697,92.01535329545919,187.2362433799434
2024-09-09,102.08183093359351,115.94394262771877,154.0514073828752,80.40678031094761,107.18233098466493,183.841671827756
2024-09-10,91.11710795247099,118.44275517083057,145.07095096114693,98.22426125402163,87.55646595785248,187.3344825046593
2024-09-11,113.290783784355,112.91756807960103,158.89169567466365,78.33906418709182,102.66010239691484,175.2647917486533
2024-09-12,79.26009065280634,102.93566731753604,125.61728702501547,97.0539655052005,96.99876513688254,203.42632185626704
2024-09-13,94.82882172723254,117.4227523811695,144.08882066643181,100.0502696743774,110.18025269372438,193.37186822997938
2024-09-18,90.61655111716568,116.9059554299397,165.46464248010292,81.27630990337228,109.96227441215987,183.25203310996804
2024-09-19,83.23860351842158,109.96377862637466,133.4981863474617,102.49210955375077,104.74313783723458,213.00313455889355
2024-09-20,94.21067374184271,123.55083826134454,152.93265694670748,105.38280857008128,100.94342529463628,206.64972591878808
2024-09-23,108.74412185914612,121.72512976289288,164.05397866948118,85.37409518016435,90.00131357722942,194.32244023629036
2024-09-24,97.76353637029173,124.20181723865818,154.768677060644,104.8979781434028,98.13163509188688,196.19575168451087
2024-09-25,113.15232699921906,130.82683731143572,169.34316639982444,103.0408231947069,105.31244947519352,224.92669232835783
2024-10-08,124.30641772747249,132.91218113569062,174.16191616636922,96.01139994170255,98.1917871205265,221.84332599012683
2024-10-09,105.8489672540458,136.97925262366508,164.85463733269358,116.90987272580658,107.47344680306858,225.53839579006953
2024-10-10,99.86003394886737,131.96704405575315,178.84034629551945,92.62725801974068,123.27291320876981,209.90366906054476
2024-10-11,117.66541355092616,119.21111238082553,141.40387871107342,112.93958278466916,114.07531904642617,240.2387788960409
2024-10-12,115.21607295872505,134.74832264528774,164.22065593703428,92.38372198647393,111.47137250260555,206.51751166355805
2024-10-13,105.46097099694701,135.66766211716467,170.88714247583954,107.37726955705637,107.86689949775123,216.55830154503238
2024-10-14,124.94921606246292,131.79514914873076,172.14116853602357,96.93261075469965,96.7971067871169,213.38357503953628
2024-10-15,107.08542091680093,135.6007694328198,162.7748202463541,116.12787977172775,106.13177171312046,218.95880876768535
2024-10-16,103.07088745565603,130.40270543228755,174.55168227990382,92.73750746971967,121.31651374005763,203.52328580008663
2024-10-17,88.9449428399805,116.84359717853684,186.70786522156033,111.45903513949348,111.72254572278369,231.36678709312758
2024-10-18,111.87464098527263,134.10670828515336,160.6659299121426,117.98077933287021,107.07301748796642,200.16285992683433
2024-10-21,108.75127135578792,113.70625870756116,152.12494805555255,82.8459514715691,118.23998427902873,192.23977314586463
2024-10-22,92.88435940611987,117.27377130607752,144.0565218469136,100.86900149388687,94.80365860515225,199.80066430161077
2024-10-23,113.86231961800841,113.21211308313084,156.86134008839682,79.72106140088557,108.00512900205139,183.44551238672676
2024-10-24,115.75464375106608,102.87733541904782,176.75217694399115,98.16365256915768,100.62468420868635,209.71166935887499
2024-10-25,100.39107076701676,116.15128806626514,144.78708180312287,103.02660865437731,97.09198043325935,180.46176689814942
2024-10-27,104.2378781842041,140.8582653851833,183.86573564181376,102.945173526056,102.04527021524997,228.66685475501765
2024-10-28,116.2536339505692,142.5552005109609,173.0354247221559,125.33160940576231,112.62259257046296,236.22544674259692
2024-10-29,113.46286314075972,138.7265026233324,186.19560111905736,99.98608137036535,123.26182702091677,220.92448259196524
2024-10-30,96.5732051389878,126.45622629400206,153.92197012132138,122.32688815381027,103.22193216113999,222.23965078156473
2024-10-31,119.20394999032315,144.88385416852384,173.13663654316045,124.94995447016939,113.97726787385928,215.89807946498675
2024-11-05,126.11057685953142,135.20926,181.01168,100.96907752024916,103.41139259275076,223.9461925708409
2024-11-06,107.33284748717574,140.1468,172.835,122.66566804561161,115.2701206109422,234.8203321727708
2024-11-07,131.24431745829952,134.8826,183.89894,98.29364540332826,130.52032077450386,213.15428039244972
2024-11-08,133.9814627300581,123.2422,151.79804,118.8886836731957,118.45590921705913,248.35485911135225
2024-11-09,116.08470272085222,138.5406,171.2199,125.5115799489261,116.56984326632538,211.82792345529478
2024-11-11,128.66099119788902,138.2296,181.83096,102.42656309506845,105.30407834177858,221.5516608745171
2024-11-12,110.42996320065403,142.6192,172.62204,124.6503031399129,117.20929442734484,232.96454747860625
2024-11-13,133.66593993663324,137.8846,183.30388,100.95823587316629,71.62331535525512,167.04823982139249
2024-11-14,93.98590478677704,124.74108,154.41696,122.12440392898398,118.92802896055484,247.87003206843613
2024-11-15,113.8515649029163,142.94832,171.83608,126.42178736137745,114.42763382998709,211.87240073567773
2024-11-18,128.10502335927768,136.9658,180.90836,102.45642876439105,103.5404786594852,221.56408653471664
2024-11-19,109.17252008163669,143.67408,173.5488,123.66841812108729,115.22700650527854,236.98490686626369
2024-11-20,132.86191446220917,137.8448,183.67288,101.5393890686837,97.812035409254,218.17819699178168
2024-11-21,95.31735978876048,124.9916,156.12816,120.85777225469893,116.95609781969056,255.08820916865812
2024-11-22,118.00409885465497,142.4734,176.17244,76.67884229070037,57.97845768563581,140.82364999495275
2024-11-25,93.09745199566234,138.6268,189.0486,104.72724242980424,108.92451009137154,231.03931074994918
2024-11-26,113.02289542860548,144.1008,179.1567,125.6495757059469,121.10920979007601,244.80813544351733
2024-11-27,137.79470860485068,138.1888,188.5165,103.74484601253131,134.14231137982415,227.52556445512715
2024-11-28,96.45509777380619,126.018,161.9971,122.86859094950223,123.04774298083728,261.26390629379927
2024-11-29,114.89655836974974,144.1432,176.96,129.10560641283416,116.23095230204491,223.69140481989615
2024-12-02,57.21175832783669,66.08862506118605,85.88732024014729,112.94175306062613,127.5454123988982,245.5970013203768
2024-12-03,60.89775168703801,65.05392435018773,81.38398240204778,0.0,0.0,0.0
2024-12-04,54.580984645660116,72.04863460840915,90.44070072778887,112.8126090115378,120.32592987426557,251.05918253248674
2024-12-05,68.54603847214338,82.03732127259156,101.04689923714658,-31.376305324698734,133.6394979447482,-166.68045448826126
2024-12-06,77.79946686732174,82.89949470762554,107.70909739286944,107.76594325253484,-93.71884021791195,266.40027063539753
2025-01-01,166.04189309292155,144.8908115718622,220.70163870927917,110.24252957894215,129.39798920617693,288.2143096433302
2025-01-02,139.59433616968357,155.29054047182984,206.7217041018349,135.3972091006508,137.66485143162276,300.3957939452932
2025-01-03,160.8051678982364,145.1490702213425,228.56175033522888,112.73891686396634,157.2446607721838,277.4484585090432
2025-01-04,154.088320463355,133.76641661066628,189.50706079984042,95.09537042926394,105.75106442867178,219.04759929750497
2025-01-05,140.54951484519415,151.9755787023813,209.6529187502218,134.6379575537724,139.7107293425947,283.3964641665988
2025-01-06,161.33055422875805,191.469879039323,272.1304335951975,148.7854772152391,155.57386047822342,348.6368181343832
2025-01-07,182.66535355093012,201.26058007932218,262.5953421701695,135.03193128122007,171.51276486981405,325.64788509147746
2025-01-08,151.84205050615626,189.7391606271341,250.39751464842738,145.57754005120324,173.02628841944298,349.4971476837995
2025-01-09,156.86715055183313,175.39616906420616,238.8306058465503,181.23056164257568,174.88088609732154,351.24952189367974
2025-01-10,197.43291859994233,195.9065313609919,260.9165206743044,133.7311986523297,166.6935857906357,317.5750374554296
2025-01-11,166.1075179862055,161.59642765345035,234.05352077431755,131.0169731560908,139.31018894884647,291.4129427144021
2025-01-12,144.97559537999666,187.33388604092963,262.56845029266134,144.71095975162478,153.86896221908012,338.4497341515217
2025-01-13,178.37542827144406,194.90047901003138,254.6814467892035,170.4301090097561,165.53804363721636,363.21158281926796
2025-01-14,162.6866897802661,188.57506940111847,268.1734859047145,144.66723322274697,182.17785064645477,337.8631458223742
2025-01-15,151.96976514976356,172.08120729475763,231.95012690125415,141.82679855187624,170.97098608968628,343.4524809852087
2025-01-16,130.31952918082712,156.8549303537681,217.24231504799673,178.42411351641792,158.551749437527,339.3335272341039
2025-01-17,169.67827506811093,149.2118256922713,214.43583124988328,118.22063352964841,156.681773725208,282.54004520604343
2025-01-18,143.09246859973325,134.15273792993509,206.9291557283262,134.51075310612788,132.42134211905764,299.57457028448664
2025-01-19,112.44142338846243,151.86379510783016,221.28173492409755,113.9990359234451,147.29942092718133,282.9741205696126
2025-01-20,121.92353067273795,138.58082038978398,187.87049796863096,142.7114648402121,137.19126858186075,318.470535660758
2025-01-21,109.64676128142192,154.4155447489638,204.8546394634128,110.53176903758111,129.43587583415788,281.3042991259727
2025-01-22,99.47092477221985,125.26082168983734,171.53595193245573,101.65602626492537,130.84425179034213,252.4414370640477
2025-01-23,83.75978563072852,86.60420496728568,119.39163807106797,117.21074958784301,116.39158174713397,247.14938411090696
2025-01-24,96.20157439247555,84.02344941066936,122.84478564491997,67.35066063462767,89.34773167447835,170.34611111398198
2025-01-25,96.10036158870119,77.33902173291182,109.86157926883084,79.97637783697682,85.99287076676418,191.84334154174647
2025-01-26,81.87598894989482,83.64350082739664,117.11743040717272,78.3339696609363,77.11196101831688,167.12466577502545
2025-02-05,85.86943923519152,74.56663812451936,119.81129926070481,67.1044,73.96652912373297,134.15353610184457
2025-02-06,72.33933457840715,78.53990290870078,115.4771599825154,77.22372,79.87713066247876,142.883324875799
2025-02-07,86.4235104547892,76.52282578612359,124.02266630240486,66.3509,88.24664643962358,133.33032966967335
2025-02-08,61.42654469156362,69.59564107047379,104.11906542799196,81.88754,83.24513062447367,153.732985129734
2025-02-09,76.5310658138513,78.270337866226,114.4141473755371,83.9766,79.34368985683872,131.11182930543046
2025-02-10,87.28370236262121,71.89102096759092,116.81841958824215,65.7004,71.28749822337606,132.6954874186921
2025-02-11,73.76995152568288,75.0552987943969,110.3676991142876,79.2817,77.29730864839505,138.46547700393288
2025-02-12,87.32831406187563,74.44956281472645,119.66737774404015,71.2004,85.35678443809296,129.56939147054595
2025-02-13,61.344737560194254,67.83521980665229,101.89449558960663,80.916,81.43913792332096,152.5870280815345
2025-02-14,75.1749348111534,77.2130551198704,111.79862938771177,82.0405,75.59707359743702,131.4606944250932
2025-02-17,70.14269329990127,59.47228323100989,96.25744283991672,55.9928,59.698531908234365,111.39542902538145
2025-02-18,59.639395455574686,61.99733329964013,90.64509275350434,65.38716,62.459959942707854,114.90553142142294
2025-02-19,61.692332296200924,55.34074361452781,82.95513467315928,50.30548,60.565705542732765,92.41150060110019
2025-02-20,45.30797264240406,51.249459364829335,71.10965657217007,60.04556,54.82761994908275,106.39170359684869
2025-02-21,54.6788064945317,56.940057578876214,79.3500659985333,61.3034,54.62206695614428,92.35595731690316
2025-02-24,48.76528425427399,41.93253067905187,65.79402347581822,38.9602,42.426763296069396,150.5265410862547
2025-02-25,41.36556109533363,88.73082951506743,63.5534729144972,45.5739,44.50158764333622,168.18380344794053
2025-02-26,48.986060822195505,86.71360598168889,65.60799341928971,39.24,49.64545599244504,163.3835434230059
2025-02-27,72.74712139998597,98.96714749326037,108.29704252731302,46.5754,46.5724240866031,174.0553191566401
2025-02-28,70.15675714426817,102.42370598276773,109.39619505275533,46.66118,74.36109514487451,186.09024744222188
2025-03-03,77.64627159655777,115.80080661882614,120.8481450005261,89.8884,93.06062329674931,202.7668
2025-03-04,99.74117004304564,115.509633698855,153.36534389386455,105.3526,97.44567884476368,212.76226
2025-03-05,84.94689243846838,116.0968732013178,165.80974565826818,86.5646,87.61864602198101,200.32556
2025-03-06,85.5282568294164,117.75714232029999,137.89207040776725,106.936,102.71575639896022,232.00548
2025-03-07,106.46974992615769,126.02998859466844,153.45230538351777,107.9724,98.25273621605533,199.38654
2025-03-10,124.95337464045396,126.23407629080303,167.68754691470562,97.2403,99.2064577292661,209.97568
2025-03-11,109.3191375263715,123.39251468292436,162.31397476279028,113.208,103.26045690727953,217.07222
2025-03-12,128.1749987093609,127.14864535055207,171.8957136223951,94.228,116.23264739081797,207.4957
2025-03-13,125.65380457750548,126.02451460425108,145.613663521756,115.44248,105.15610611373714,240.662
2025-03-14,109.16856104335713,135.09648847347006,158.79894883200149,112.8961,100.54959782619326,202.5414
2025-03-17,126.93249329083223,130.68026983916133,168.42027086093626,100.70658,98.70573623398572,212.60392
2025-03-18,108.30165181220953,128.4315189803073,161.44071538007933,116.0634,102.436305577378,221.02414
2025-03-19,129.7307520811949,129.39671862536483,172.16732907843655,96.5425,117.40745751189559,210.87788
2025-03-20,92.7726247978884,131.37588514467478,143.6490425056834,120.1016,105.59595693273687,242.68156
2025-03-21,113.71772195649494,139.72563514332455,162.5379081913269,118.9613,103.53062237146301,207.80706
2025-03-24,126.38386141005614,133.61505571805594,169.49401747776741,98.4525,99.24630991679449,206.49146
2025-03-25,108.30562238884073,132.77673368473245,161.9714538034274,112.7124,101.9835685434262,212.56036
2025-03-26,127.68295263606242,132.52120921404543,171.2998401321752,95.376,115.85647915371638,203.89016
2025-03-27,92.27212852304149,127.51358082213063,147.0556854669463,116.3845,105.00383839011982,236.64368
2025-03-28,114.07169377268448,87.06028899223458,162.93039910562902,117.2921,100.11605862268026,201.01002
2025-04-01,74.8760527361561,116.55894311050508,106.95358,97.66651853589816,92.11518433972637,197.37546898856874
2025-04-02,91.33307517110673,112.62771342672252,103.20866,99.88089767625327,91.16531758423375,187.54432155211205
2025-04-07,93.37414245206429,90.37153503291994,133.01778,71.81466624963191,75.14293713853698,156.85373972219494
2025-04-08,80.34521686104478,89.30105581176585,130.21728,84.44201750739619,77.10946490020416,164.6098133564102
2025-04-09,95.38181442036642,94.1956121526064,138.1124,72.33392305538166,89.09478817674972,163.2994214757373
2025-04-10,69.28121622453722,92.418983966792,119.9448,88.1081847411292,83.1949357124576,183.87295430865095
2025-04-11,84.06804087368577,62.30827506521553,130.7221,87.51652198546289,78.36405189241708,156.84359821955923
2025-04-14,85.52726673815354,82.70518964338359,120.9775,67.33753342239632,68.52968264578448,141.1416572702729
2025-04-15,72.79743606021387,81.90845224920763,119.2552,77.1331865419973,70.87106179670519,148.6947684067771
2025-04-16,85.46439220665948,84.29892680409363,125.47394,65.04404652713373,80.888761367329,145.02613659045417
2025-04-17,62.91122108348019,83.90807944793859,107.13058,78.37356490915421,73.88760028972882,163.6276580199987
2025-04-18,76.50757015216918,90.69969860331449,117.67256,80.7918667730557,73.62299704706841,140.77991214174315
2025-04-21,74.5488751436132,74.40596714306623,107.0795,58.88764534051143,59.75434163674345,123.15242906235876
2025-04-22,64.83744369680723,74.67703277199149,103.9375,68.06538380899207,62.044480586989124,130.1814931867342
2025-04-23,75.21940901912004,75.46359011867216,108.9767,57.868275710534384,71.62908990612871,126.03530255226752
2025-04-24,55.24160170881506,74.60558003312852,95.6205,70.12449908888343,66.17753632323974,142.52642647717892
2025-04-25,66.34451554621683,89.40872736355651,102.7631,70.77236175070223,62.29001055420125,121.15184738104206
2025-04-27,65.59270483731522,67.35129917777432,103.36458,51.42018469059642,67.49880287115286,120.1079915966921
2025-04-28,85.93822362284854,68.8639982628045,88.7517,62.58063310281302,61.32423371371061,136.44248985216635
2025-04-29,61.195321445626604,95.89455981454118,98.98374,64.84350858207688,59.74290151689292,167.5654098390803
2025-05-06,99.4132324725744,102.4638136703328,140.82568,80.0122,83.852,179.46336
2025-05-07,83.58420270807919,99.51923740840444,136.60614,91.248,86.784,188.6845
2025-05-08,97.93903509125552,98.71538806207417,142.8232,76.55238,96.4663,174.1851
2025-05-09,98.45111453982561,100.98295884532212,120.661,93.192,89.06174,198.5372
2025-05-10,87.47740460744377,104.12037817587643,132.5737,94.7281,85.0134,169.40236
2025-05-12,101.90513345598116,106.66418208583579,142.60458,82.42452,83.00208,175.55764000000002
2025-05-13,87.06101937756522,106.36662909063391,137.3917,93.297,84.79608,185.0701
2025-05-14,100.49738341064894,104.98904789219485,143.6818,80.32808,95.5721,176.2285
2025-05-15,101.16688126999874,104.02351994441239,123.6861,96.175,89.09519999999999,198.6509
2025-05-16,87.74660250024898,108.40302686947318,134.36198,97.2568,84.0242,170.02556
2025-05-19,100.56458605007585,104.77530650924457,141.9816,81.864,85.39808,185.7853
2025-05-20,86.58178902810731,99.84391984574697,139.43368,93.1214,87.52948,194.0255
2025-05-21,100.31514224724627,102.16497330453385,145.3342,76.9124,99.7569,180.31378
2025-05-22,71.13556254053206,104.92503906883303,121.3993,95.9928,90.1308,202.91758
2025-05-23,90.30311097792898,104.50898126585426,136.10756,97.7781,86.6357,174.78776
2025-05-26,95.39317832875845,99.89314283916335,135.32224,76.823,80.5796,168.4074
2025-05-27,81.63443529397433,97.7195690414201,130.286,88.8282,82.9182,177.12106
2025-05-28,94.89613056481272,98.29623534121332,135.6009,74.8833,93.6488,168.68366
2025-05-29,68.33559458727981,97.69482502126812,117.04974,90.5004,85.3766,189.5274
2025-05-30,82.17314094766282,66.42862571816258,127.19284,90.8784,80.9834,166.54826
2025-06-03,72.87347542205966,70.42287571148992,97.42752580351988,54.383103655571965,58.0779568499396,172.5220512736099
2025-06-04,62.34138940225166,69.12045825306475,95.6902219059754,62.450157737273834,60.43859583402384,124.67976419491237
2025-06-05,72.50832451674455,68.43326747035061,98.99598902731996,52.54734967618861,67.443785463004,115.74070358062625
2025-06-06,53.7628210786585,68.80754726593278,85.10814441060975,63.988346959805874,62.1384919289984,133.98803695427225
2025-06-07,65.58007176684752,98.11980044668377,93.72463115194631,65.33016882147336,60.916081056244984,113.34097071564675
2025-06-09,67.28781141063034,94.83563248885365,129.85484598798433,73.66285906984889,79.41446549020746,158.2393222071179
2025-06-10,88.0646054984194,93.39218915893011,126.74600021274902,85.18159715222714,81.11675931403427,165.31559616503185
2025-06-11,71.07955120952293,93.23712364264952,134.2764444257724,70.32509911536451,92.11362424659717,159.93276794195629
2025-06-12,71.34775124032366,93.38984630413457,112.85417624942028,87.8876711300294,85.29197326835543,178.39067275264438
2025-06-13,88.30248882435758,99.2828621801276,124.41389661874959,87.53733369461446,82.49095766249023,156.90559354735143
2025-06-15,73.63511180170983,98.46705365837242,120.95854508565387,84.30372750250669,81.99805642600714,172.48501507567306
2025-06-16,97.25510885437804,94.83091181128054,130.35556792381598,73.3583898253496,77.3260998566522,157.22482875666523
2025-06-17,85.31953103514526,93.17453095482853,128.2711035748093,85.34263966142234,78.6942102216942,165.75952720712053
2025-06-18,98.0306084969365,93.20128146107605,135.6859590308657,70.87708491165583,92.05012189652538,157.1645898414032
2025-06-19,72.29254451650813,94.42972415353175,113.46628234956532,87.90875780852193,82.93077231657143,177.59149827423468
2025-06-20,88.3189424210683,63.935248522789166,125.9586902383705,88.9786921430777,80.64686065575977,152.99179873156942
2025-06-30,85.59246250443834,82.79316651590416,113.82209600287257,64.93204113506783,70.51776751289457,135.94946278016417
2025-07-01,75.21939092142709,85.5983930107755,118.8944,78.3,76.1376,158.8894
2025-07-02,87.62686751057824,90.03800162648716,129.6576,71.7312,90.2218,158.0422
2025-07-03,61.69888258400506,85.1372214947124,107.115,80.861,80.2606,171.9628
2025-07-04,72.39789780136351,97.2916434590681,114.6604,82.484,74.0026,148.0902
2025-07-07,89.41977664433037,92.00297721138197,125.64072,72.05296,78.81132,160.16108
2025-07-08,77.57411608049692,88.56299301828923,123.7454,81.0004,78.62650000000001,166.1712
2025-07-09,91.25339251541527,92.34306344535834,134.3794,72.13768,93.61226,163.17508
2025-07-10,64.47953104458617,88.01271472655023,110.6649,83.7571,82.3248,178.67218
2025-07-11,79.05559700017277,96.9799669433729,122.3612,86.50868,78.5282,151.81788
2025-07-14,90.30452753164418,91.5894033333331,127.05618,71.756,79.6482,161.7106
2025-07-15,79.6193045292581,88.80312791365178,123.5578,82.9644,80.00998,168.73812
2025-07-16,94.81852246046098,93.37868219376952,136.3446,74.5163,93.9812,169.71506
2025-07-17,92.25525800394756,88.63105838089277,111.27786,84.3246,84.6978,182.56596
2025-07-18,77.32447698949689,97.93493280660006,121.10016,85.99648,78.29220000000001,155.45376000000002
2025-07-21,87.92604035649336,90.69215454582096,125.57686,72.03926,78.1288,157.0857
2025-07-22,77.42129833860298,86.47250919816409,123.3088,82.32,78.3046,166.50602
2025-07-23,91.89693726602643,91.35563452952455,134.3662,73.1529,91.9238,161.70456
2025-07-24,63.50172211253731,88.0787074081827,108.8024,84.92368,81.8455,176.47368
2025-07-25,78.43435623148838,105.32471655141157,120.78532,87.4882,78.8782,151.01408
2025-07-28,96.14040774974218,97.98591888301648,133.69532,77.9682,81.585,165.50206
2025-07-29,84.7951287451066,95.36743809159132,130.09028,89.1767,82.66748,175.08458
2025-07-30,99.7571205787846,99.35429545768488,141.7893,78.8131,98.4862,174.3057
2025-07-31,68.97752700403503,95.43646577036,117.70612,91.11158,87.89386,190.596
