date,0000000000000001A110000000000FYW,0000000000000001A110000000000FYZ,0000000000000001A110000000000FZ2,0000000000000001A110000000000FZ5,0000000000000001A110000000000FZ8,0000000000001001A11000000000A5L0
2018-01-01,109.972,134.012,173.08,103.78,112.572,240.66
2018-01-02,83.104,119.98,160.616,90.148,123.552,247.076
2018-01-03,87.05199999999999,98.412,155.712,78.2,121.948,226.532
2018-01-04,103.788,107.06400000000001,170.34,100.336,130.464,266.824
2018-01-05,108.97200000000001,140.332,170.656,117.392,118.096,254.368
2018-01-06,0.0,0.0,0.0,0.0,0.0,-0.056
2018-01-07,105.608,122.16,152.864,102.772,94.84400000000001,233.952
2018-01-08,78.024,111.84,156.504,88.424,104.544,228.512
2018-01-09,73.06,105.136,141.416,71.02,103.732,206.94
2018-01-10,83.66,84.196,147.468,75.188,108.80799999999999,218.57999999999998
2018-01-11,75.976,118.172,146.088,82.56,96.79599999999999,203.72
2018-01-12,69.708,82.044,109.02000000000001,63.536,76.18,138.92
2018-01-13,66.428,83.956,128.672,65.216,87.232,164.904
2018-01-14,58.216,68.636,121.684,60.368,95.0,156.54
2018-01-15,72.416,61.524,131.1,60.568,88.844,166.844
2018-01-16,66.62,109.14399999999999,125.19200000000001,68.288,80.172,150.956
2018-01-17,0.0,-0.112,0.0,-0.6519999999999997,0.0,-0.012
2018-01-18,66.656,85.164,107.556,67.672,77.472,131.044
2018-01-19,66.768,80.424,124.52,62.903999999999996,81.86,143.78
2018-01-20,56.372,73.368,114.67999999999999,56.512,88.06,145.352
2018-01-21,73.788,60.756,130.044,62.18,84.052,158.56
2018-01-22,62.148,104.932,126.652,69.116,75.6,131.868
2018-01-23,0.0,0.0,-0.07200000000000001,0.0,0.0,-0.256
2018-01-24,68.772,95.636,113.24,71.36,75.576,125.932
2018-01-25,64.848,79.984,131.576,64.028,77.848,141.424
2018-01-26,58.28,71.3,116.804,67.64,89.3,138.78
2018-01-27,79.816,71.216,133.384,79.628,92.744,159.5
2018-01-28,68.928,109.468,130.088,81.788,79.276,140.348
2018-01-29,0.0,0.0,-0.4839999999999998,0.0,0.0,-0.268
2018-01-30,81.636,131.4,128.1,87.308,88.964,156.456
2018-01-31,67.98,95.66799999999999,137.08,71.372,94.292,157.768
2018-02-01,70.688,92.10000000000001,123.808,72.036,107.412,158.548
2018-02-02,81.67999999999999,85.228,136.516,83.80799999999999,100.756,163.84
2018-02-03,0.0,0.0,0.0,0.0,0.0,-0.4359999999999999
2018-02-05,77.636,106.896,144.648,78.92,93.056,166.856
2018-02-06,101.28399999999999,128.62800000000001,149.332,93.652,107.112,188.428
2018-02-07,87.444,117.176,172.952,84.504,113.012,204.012
2018-02-08,87.388,101.396,146.296,80.5,115.356,201.644
2018-02-09,91.904,93.932,147.456,83.956,110.672,202.64
2018-02-10,0.0,-0.1,0.0,0.0,-0.276,0.0
2018-02-12,50.288000000000004,63.264,98.556,50.048,72.56,116.844
2018-02-13,-0.152,0.0,0.0,0.0,0.0,-0.4319999999999997
2018-02-22,35.392,31.856,53.416000000000004,34.068,51.916,85.76
2018-02-23,32.519999999999996,37.28,52.196,31.584,37.308,73.56400000000001
2018-02-24,0.0,0.0,0.0,0.0,0.0,-0.312
2018-02-26,61.484,59.812,82.096,53.891999999999996,56.74,119.544
2018-02-27,39.784,45.736,81.304,41.808,56.024,108.724
2018-02-28,46.208,49.556,74.664,39.68,61.168,114.648
2018-03-01,56.256,54.724000000000004,71.728,48.2,58.396,120.568
2018-03-02,56.980000000000004,58.396,83.324,47.556,49.708,113.736
2018-03-03,-0.032,0.0,0.0,0.0,-0.17200000000000001,-0.4
2018-03-05,73.356,76.70400000000001,89.92,59.384,59.612,122.504
2018-03-06,61.108000000000004,66.032,103.636,53.788000000000004,64.684,130.648
2018-03-07,59.38,62.7,85.916,47.436,67.736,127.016
2018-03-08,62.332,52.776,84.084,51.18,67.13199999999999,123.9
2018-03-09,56.096000000000004,61.372,88.872,49.64,55.132,120.776
2018-03-10,0.0,0.0,0.0,0.0,-0.2959999999999999,-0.10400000000000001
2018-03-12,73.672,82.64,98.792,77.084,71.092,142.668
2018-03-13,63.736,79.208,114.28399999999999,65.836,74.884,149.968
2018-03-14,54.552,69.748,103.2,56.104,80.992,144.984
2018-03-15,66.652,60.436,105.264,63.608000000000004,76.02000000000001,145.612
2018-03-16,57.22,83.176,107.72,61.548,63.364,137.052
2018-03-17,-0.024,-0.248,0.0,0.0,0.0,-1.0079999999999996
2018-03-19,75.7,87.352,107.224,79.932,82.144,174.968
2018-03-20,67.13199999999999,79.36,119.016,67.66799999999999,84.92,173.496
2018-03-21,58.48,74.56400000000001,103.832,61.696,91.548,173.312
2018-03-22,70.164,73.616,107.736,67.776,90.256,173.808
2018-03-23,61.492,89.86,110.532,68.864,72.492,162.936
2018-03-24,-0.08,0.0,-0.1039999999999999,0.0,0.0,-0.548
2018-03-26,77.812,93.676,108.57600000000001,85.552,82.316,171.3
2018-03-27,68.184,94.596,118.428,79.692,83.888,161.82399999999998
2018-03-28,68.26,90.768,106.944,72.904,95.28399999999999,169.96
2018-03-29,74.032,94.61999999999999,112.78399999999999,84.012,106.91199999999999,182.676
2018-03-30,83.02,93.056,110.456,81.532,78.9,179.444
2018-03-31,38.324,61.836,59.2,51.228,51.092,83.176
2018-04-01,0.0,0.0,0.0,0.0,-0.024,-0.5359999999999999
2018-04-02,68.896,89.036,105.008,72.584,79.9,148.528
2018-04-03,60.92,90.616,121.292,64.16,83.872,151.568
2018-04-04,48.504,73.64,81.936,47.428,70.516,116.84
2018-04-08,65.612,97.6,118.488,66.08800000000001,70.004,150.612
2018-04-09,69.64,79.056,103.688,67.096,75.792,138.056
2018-04-10,61.312000000000005,82.44,123.712,64.728,80.02,148.06
2018-04-11,55.992,77.21600000000001,96.392,52.772,81.028,134.788
2018-04-12,80.636,90.392,137.168,76.85600000000001,97.14,189.052
2018-04-13,60.284,82.224,103.21600000000001,57.644000000000005,63.828,139.436
2018-04-14,0.0,0.0,0.0,0.0,-0.1079999999999999,-0.35199999999999987
2018-04-16,64.336,66.716,95.136,62.444,74.396,132.85999999999999
2018-04-17,52.776,66.272,112.72800000000001,58.056,74.292,148.528
2018-04-18,50.224,67.036,93.48,48.296,79.248,138.112
2018-04-19,61.812,69.996,115.84400000000001,64.84,86.72,161.02
2018-04-20,49.504,63.052,98.768,57.204,64.416,134.592
2018-04-22,0.0,0.0,0.0,0.0,0.0,0.0
2018-04-23,59.088,70.064,112.82000000000001,75.776,76.904,134.5
2018-04-24,62.848,83.952,115.036,67.9,84.91199999999999,172.544
2018-04-25,64.012,71.2,94.096,58.436,89.70400000000001,146.156
2018-04-26,75.984,68.752,113.036,69.5,89.58,162.976
2018-04-27,74.42399999999999,63.676,98.368,58.888,70.568,147.21200000000002
2018-04-28,80.672,55.884,80.024,67.816,57.687999999999995,126.852
2018-05-02,50.204,68.476,92.172,58.612,80.724,154.82
2018-05-03,55.983999999999995,64.556,103.816,65.196,80.46799999999999,164.028
2018-05-04,52.163999999999994,62.736000000000004,105.356,58.128,69.532,156.136
2018-05-05,0.0,0.0,0.0,0.0,-0.06,-0.26
2018-05-07,64.52,72.176,108.844,76.752,77.168,163.704
2018-05-08,61.092,84.936,143.44,73.952,95.98400000000001,191.824
2018-05-09,55.339999999999996,72.05199999999999,108.392,62.472,86.372,160.876
2018-05-10,55.644,62.784,104.47200000000001,67.98,80.33200000000001,162.736
2018-05-11,53.032,59.692,107.092,61.54,67.8,152.26
2018-05-12,-0.212,0.0,0.0,0.0,0.0,0.0
2018-05-14,67.488,71.176,99.8,71.88,69.276,161.696
2018-05-15,50.28,74.58,117.416,64.144,81.48,166.956
2018-05-16,54.124,74.952,98.732,54.748,80.92,161.112
2018-05-17,53.412,64.144,98.468,65.184,74.58,159.256
2018-05-18,52.436,63.535999999999994,102.67999999999999,64.408,64.332,153.308
2018-05-19,0.0,0.0,0.0,0.0,0.0,-0.3999999999999998
2018-05-21,61.92,66.812,93.33200000000001,69.976,66.14,147.964
2018-05-22,49.188,73.076,102.212,61.816,75.448,151.332
2018-05-23,57.044,72.896,96.94800000000001,59.26,80.184,149.244
2018-05-24,61.604,64.592,97.82,69.51599999999999,74.296,158.252
2018-05-25,59.548,66.084,95.99199999999999,71.548,66.44,151.54
2018-05-26,0.0,0.0,0.0,0.0,0.0,-0.40800000000000003
2018-05-28,68.6,69.832,99.38,65.136,67.316,156.68800000000002
2018-05-29,48.652,70.72,107.49600000000001,58.18,73.608,147.428
2018-05-30,50.684,73.94800000000001,95.16799999999999,53.996,81.1,130.732
2018-05-31,58.572,77.672,91.176,55.711999999999996,73.932,145.2
2018-06-01,54.452,67.044,101.14,66.4,66.64,154.1
2018-06-04,78.744,85.128,116.016,82.548,73.692,182.952
2018-06-05,51.512,99.928,123.728,74.564,77.92,165.876
2018-06-06,57.736,97.332,117.272,67.488,83.41199999999999,161.456
2018-06-07,57.004,91.77199999999999,109.056,81.968,75.796,168.72
2018-06-08,69.148,88.428,114.39999999999999,81.06400000000001,63.524,173.492
2018-06-11,85.46,108.12,131.7,95.516,78.728,194.44
2018-06-12,52.02,90.716,116.188,69.232,72.828,159.096
2018-06-13,61.24,87.584,106.872,62.368,85.912,167.912
2018-06-14,53.160000000000004,69.48,100.43599999999999,64.288,73.812,156.356
2018-06-15,59.528,75.272,110.72800000000001,70.188,72.14,163.936
2018-06-16,0.0,0.0,0.0,0.0,0.0,-0.016
2018-06-19,53.152,78.952,101.932,58.22,69.312,163.572
2018-06-20,61.444,80.172,100.64,55.26,74.0,166.404
2018-06-21,63.012,71.088,97.772,63.788000000000004,72.92399999999999,176.14000000000001
2018-06-22,61.4,64.36,95.9,58.228,62.916,153.07999999999998
2018-06-23,0.0,0.0,0.0,0.0,0.0,-0.008
2018-06-25,83.676,93.416,105.236,79.452,71.524,185.472
2018-06-26,51.732,80.776,102.888,61.924,64.888,162.024
2018-06-27,61.052,86.804,99.172,61.796,70.972,157.064
2018-06-28,59.348,74.64,89.056,65.484,68.42,154.57999999999998
2018-06-29,62.272,64.24,95.972,60.5,57.548,143.588
2018-07-02,59.88,67.992,79.252,51.844,52.344,139.588
2018-07-03,63.792,97.836,113.6,70.472,73.824,173.248
2018-07-04,70.616,97.016,120.072,69.804,83.852,170.86
2018-07-05,67.504,76.104,110.464,76.86,79.488,169.444
2018-07-06,79.976,86.3,128.372,81.696,75.224,174.156
2018-07-07,0.0,0.0,-0.008,0.0,0.0,-0.248
2018-07-09,92.048,101.648,128.012,93.356,76.94800000000001,185.672
2018-07-10,60.692,102.476,136.712,78.104,79.612,184.916
2018-07-11,71.572,104.408,127.808,70.532,86.38,182.124
2018-07-12,70.596,95.268,123.764,84.124,90.912,198.092
2018-07-13,71.912,84.44800000000001,130.532,78.868,74.92,182.24
2018-07-14,-0.1279999999999998,0.0,0.0,-0.02,0.0,0.0
2018-07-16,75.92,82.61200000000001,109.484,70.656,72.112,164.996
2018-07-17,55.388,78.11200000000001,120.044,63.263999999999996,76.092,169.832
2018-07-18,63.604,83.856,109.812,62.135999999999996,80.428,171.7
2018-07-19,63.772,74.204,109.716,68.832,80.02,177.588
2018-07-20,63.6,69.14,112.5,66.912,68.12,171.352
2018-07-21,-0.012,0.0,0.0,-0.268,0.0,0.0
2018-07-23,69.208,68.104,96.02799999999999,63.328,63.38,152.592
2018-07-24,47.976,68.532,109.516,60.212,69.648,158.488
2018-07-25,58.364,73.252,101.712,61.824,75.724,161.2
2018-07-26,58.1,67.94,102.812,67.964,76.812,166.708
2018-07-27,59.928,62.324,104.432,66.408,65.832,157.252
2018-07-28,0.0,-0.128,0.0,0.0,0.0,-0.11599999999999999
2018-07-30,69.372,70.324,94.86,69.568,61.304,146.468
2018-07-31,46.432,67.18,106.188,64.288,67.84400000000001,152.884
2018-08-01,59.012,71.788,100.232,59.88,71.272,158.88400000000001
2018-08-02,58.660000000000004,66.652,100.648,65.584,74.736,172.788
2018-08-03,60.664,65.08800000000001,106.06,65.88,63.812,162.144
2018-08-04,0.0,0.0,-0.116,0.0,0.0,0.0
2018-08-06,73.304,76.212,109.59599999999999,71.54,68.34,161.392
2018-08-07,55.028,78.304,122.26,66.416,75.324,168.316
2018-08-08,62.292,79.7,106.884,64.336,78.196,162.532
2018-08-09,60.343999999999994,71.468,106.804,69.268,80.00399999999999,174.516
2018-08-10,65.956,69.868,116.77199999999999,73.084,70.088,167.324
2018-08-11,0.0,0.0,0.0,0.0,0.0,-0.16
2018-08-13,70.628,78.188,98.752,65.288,65.34,152.536
2018-08-14,51.696000000000005,74.248,116.508,62.636,74.224,163.052
2018-08-15,58.216,76.968,100.156,57.52,74.384,153.892
2018-08-16,58.019999999999996,67.148,101.884,62.44,75.072,158.136
2018-08-17,62.524,68.18,109.652,65.576,69.208,155.78
2018-08-18,0.0,0.0,0.0,0.0,0.0,-0.024
2018-08-20,75.176,77.216,101.82,67.352,65.204,153.188
2018-08-21,57.996,77.48,119.34,64.424,75.12,167.89600000000002
2018-08-22,61.676,78.71600000000001,101.968,58.052,75.32,156.016
2018-08-23,59.083999999999996,67.48,104.764,64.41199999999999,78.608,163.612
2018-08-24,65.56400000000001,69.34,112.328,69.568,69.556,161.0
2018-08-25,0.0,0.0,-0.07200000000000001,0.0,0.0,0.0
2018-08-27,72.992,77.924,103.452,71.22,66.496,153.344
2018-08-28,54.44,75.768,120.8,65.844,76.296,164.672
2018-08-29,59.728,75.644,100.988,60.4,75.484,152.196
2018-08-30,55.216,64.236,98.452,62.552,73.656,152.628
2018-08-31,57.352,57.536,95.396,63.616,61.736,148.528
2018-09-03,76.612,82.352,111.272,76.34,69.904,163.092
2018-09-04,56.092,73.56,126.608,71.456,77.376,169.368
2018-09-05,66.884,80.132,113.456,68.196,79.816,167.704
2018-09-06,65.768,76.24,114.94800000000001,76.44,86.916,173.044
2018-09-07,70.464,78.4,124.92399999999999,78.508,75.992,172.764
2018-09-10,78.868,91.64,111.128,78.068,73.52,166.368
2018-09-11,58.456,83.668,126.816,65.368,77.892,173.808
2018-09-12,67.98,89.9,112.036,62.983999999999995,82.424,168.976
2018-09-13,64.24,79.408,111.556,68.652,86.52,177.692
2018-09-14,68.592,75.52,119.316,73.836,77.176,169.188
2018-09-18,58.112,96.676,127.328,70.404,81.676,182.128
2018-09-19,68.144,94.384,111.944,63.096000000000004,84.972,178.204
2018-09-20,65.54,82.54,114.968,71.06400000000001,87.46,180.908
2018-09-21,70.876,74.424,119.52,73.696,77.512,172.732
2018-09-22,89.32000000000001,93.016,121.176,84.70400000000001,84.536,187.06
2018-09-23,0.0,0.0,-0.096,-0.036000000000000004,-0.156,-0.028
2018-09-25,59.315999999999995,90.444,127.692,71.384,82.812,185.74
2018-09-26,70.308,96.156,117.856,69.864,89.368,184.152
2018-09-27,68.084,83.732,117.47200000000001,76.968,93.212,200.816
2018-09-28,71.596,78.448,124.668,78.344,81.7,185.884
2018-09-29,81.736,82.236,105.0,85.148,75.344,172.352
2018-10-08,86.62,82.312,119.588,84.596,76.896,179.372
2018-10-09,58.204,85.036,132.26,77.76,81.44,185.292
2018-10-10,59.675999999999995,78.16,104.44800000000001,64.024,74.576,165.912
2018-10-11,69.676,92.0,119.576,86.728,96.71600000000001,195.772
2018-10-12,77.71600000000001,75.384,137.456,89.012,84.444,185.408
2018-10-15,87.564,90.712,124.644,94.952,74.92,176.728
2018-10-16,62.92,91.672,139.60399999999998,85.232,84.32,187.868
2018-10-17,71.536,94.656,125.12,79.472,87.456,180.128
2018-10-18,67.008,86.892,116.636,85.48400000000001,89.952,188.08
2018-10-19,79.476,75.84,132.736,80.752,80.576,183.92
2018-10-20,0.0,-0.092,0.0,0.0,0.0,0.0
2018-10-22,89.356,89.304,120.5,84.792,73.7,172.496
2018-10-23,58.28,95.092,134.868,69.468,81.012,176.124
2018-10-24,60.096000000000004,82.744,100.536,58.844,69.764,159.264
2018-10-25,68.38,88.632,115.988,78.756,90.688,184.024
2018-10-26,77.296,78.928,129.788,81.02,80.608,176.508
2018-10-27,0.0,0.0,0.0,0.0,-0.112,-0.176
2018-10-29,83.152,85.708,114.644,77.46000000000001,70.43599999999999,164.452
2018-10-30,58.592,91.256,130.82,70.328,78.104,172.74
2018-10-31,69.476,88.96000000000001,113.964,65.28,84.316,172.744
2018-11-01,60.028,81.696,106.464,70.092,82.57600000000001,169.836
2018-11-02,69.06400000000001,66.84,118.348,74.5,74.048,165.704
2018-11-03,0.0,0.0,0.0,0.0,0.0,-0.4559999999999999
2018-11-05,83.02,79.068,114.504,79.428,70.956,175.45600000000002
2018-11-06,58.064,89.104,130.64,71.496,77.5,167.1
2018-11-07,63.879999999999995,85.18,108.816,61.82,78.976,155.992
2018-11-08,61.656000000000006,86.024,106.388,77.764,85.812,166.488
2018-11-09,71.72,79.836,128.976,78.71600000000001,76.912,181.376
2018-11-10,0.0,0.0,0.0,-0.02,0.0,-0.1
2018-11-12,82.644,82.816,113.012,80.69200000000001,69.364,180.2
2018-11-13,56.148,90.84,127.988,72.896,80.256,166.056
2018-11-14,65.05199999999999,89.228,110.124,64.856,79.576,163.144
2018-11-15,62.083999999999996,85.444,106.78,75.828,90.144,172.18
2018-11-16,71.396,79.312,123.964,75.272,79.676,180.424
2018-11-17,0.0,0.0,0.0,0.0,0.0,-0.04
2018-11-19,78.212,76.988,103.696,69.892,67.08,170.164
2018-11-20,52.772,82.524,119.61200000000001,65.572,74.724,160.608
2018-11-21,60.88,82.008,101.35600000000001,58.068,76.556,151.268
2018-11-22,59.684,78.004,101.46000000000001,67.896,84.796,162.232
2018-11-23,65.776,75.328,112.88,69.032,75.76,168.184
2018-11-26,78.8,77.828,100.57600000000001,69.448,66.104,166.556
2018-11-27,53.632,80.452,113.832,63.608000000000004,72.172,155.644
2018-11-28,57.792,78.3,98.404,55.04,72.752,146.684
2018-11-29,58.448,78.264,96.964,68.876,86.43599999999999,159.032
2018-11-30,65.268,78.428,111.8,72.272,77.816,168.004
2018-12-01,0.0,0.0,0.0,0.0,0.0,-0.4599999999999999
2018-12-03,71.02,72.256,96.324,61.672,66.416,152.676
2018-12-04,45.228,76.524,112.072,58.472,70.732,142.748
2018-12-05,52.516,70.464,92.46,50.54,72.436,134.308
2018-12-06,51.772,71.148,94.012,60.712,82.508,137.668
2018-12-07,59.076,66.26400000000001,119.428,64.752,75.068,149.08
2018-12-10,64.216,71.14,88.188,57.2,63.072,140.024
2018-12-11,42.152,66.628,101.79599999999999,53.852,67.352,129.56
2018-12-12,48.648,64.004,82.252,44.2,63.748000000000005,120.632
2018-12-13,45.1,64.05199999999999,76.55199999999999,53.052,67.952,119.672
2018-12-14,49.635999999999996,53.092,82.72,51.464,56.8,119.272
2018-12-15,0.0,0.0,0.0,0.0,0.0,-0.068
2018-12-17,53.112,54.28,67.76,46.016,47.648,111.872
2018-12-18,35.136,54.832,79.5,42.0,49.788000000000004,100.44
2018-12-19,37.548,45.748000000000005,61.244,31.004,45.772,90.196
2018-12-20,32.396,37.884,53.336,32.364000000000004,45.012,73.56
2018-12-21,31.28,36.687999999999995,59.58,29.416,35.8,68.636
2018-12-22,0.0,0.0,0.0,-0.096,0.0,0.0
2018-12-24,34.38,34.716,40.228,30.004,28.216,61.78
2018-12-25,19.308,29.163999999999998,41.976,26.748,26.904,49.92
2018-12-26,14.815999999999999,18.852,19.844,12.724,18.452,23.715999999999998
2018-12-27,-0.028,0.0,-0.064,0.0,0.0,0.0
2019-01-01,126.284,129.192,194.504,96.6,132.344,255.824
2019-01-02,107.204,137.624,224.98,112.056,158.068,267.608
2019-01-03,113.148,133.068,228.548,95.804,176.172,290.572
2019-01-04,133.792,118.98,253.616,120.272,189.936,300.584
2019-01-05,135.812,190.33599999999998,275.724,148.612,163.888,312.844
2019-01-06,0.0,0.0,0.0,-0.06,0.0,-1.252
2019-01-07,141.14,168.392,236.804,141.724,138.876,280.888
2019-01-08,113.132,174.664,244.136,125.344,138.732,255.044
2019-01-09,108.028,153.684,214.22,115.496,156.296,272.36
2019-01-10,127.94,133.308,238.04,128.936,160.74,257.80400000000003
2019-01-11,116.38,192.068,252.9,125.58800000000001,137.996,264.084
2019-01-12,0.0,0.0,0.0,0.0,0.0,-0.24
2019-01-14,120.616,157.064,192.404,123.488,115.776,234.904
2019-01-15,101.536,146.208,201.332,115.396,117.252,225.348
2019-01-16,99.364,125.392,176.412,96.904,134.116,222.64000000000001
2019-01-17,111.416,123.44,193.832,114.532,137.46,229.912
2019-01-18,113.684,163.24,221.256,126.868,117.596,251.888
2019-01-19,0.0,0.0,0.0,0.0,0.0,-0.16
2019-01-21,117.5,138.084,170.976,107.12,107.148,212.236
2019-01-22,91.024,163.73999999999998,188.50400000000002,101.284,114.3,205.148
2019-01-23,93.212,129.536,151.212,82.764,117.76,196.396
2019-01-24,100.104,107.21600000000001,168.388,97.82,125.304,209.004
2019-01-25,95.544,133.696,170.644,99.32000000000001,109.68,205.78
2019-01-26,0.0,0.0,0.0,0.0,0.0,-0.2879999999999999
2019-01-28,103.208,108.42,144.0,81.092,93.012,182.544
2019-01-29,75.22800000000001,93.69200000000001,149.268,84.74,95.396,181.168
2019-01-30,81.892,90.288,132.712,66.432,103.7,170.848
2019-01-31,87.84,101.28,144.304,77.944,107.208,188.144
2019-02-01,89.728,95.464,144.88,75.26,102.86,174.9
2019-02-02,0.0,0.0,0.0,0.0,0.0,-0.192
2019-02-11,70.584,67.912,92.224,52.332,62.46,134.096
2019-02-12,50.188,56.82,101.52,50.228,65.112,129.85999999999999
2019-02-13,51.316,60.352000000000004,85.56,47.524,70.384,128.224
2019-02-14,58.692,54.848,96.98,53.32,75.348,139.684
2019-02-15,57.992000000000004,61.336,97.432,51.888,67.712,136.672
2019-02-16,0.0,0.0,0.0,0.0,0.0,-0.16
2019-02-18,69.68,72.704,93.62,51.852000000000004,58.836,132.252
2019-02-19,48.668,61.052,98.444,54.312,66.792,128.42000000000002
2019-02-20,51.892,62.711999999999996,84.844,44.908,64.77199999999999,123.684
2019-02-21,61.14,58.18,89.728,52.884,73.524,134.096
2019-02-22,57.892,66.188,93.064,53.172,64.732,134.796
2019-02-25,76.616,73.788,98.176,59.028,65.892,142.12800000000001
2019-02-26,53.576,72.396,106.39999999999999,57.268,68.908,132.484
2019-02-27,58.812,68.96000000000001,86.964,49.692,69.76,128.576
2019-02-28,63.232,63.664,91.348,55.864,76.432,134.46
2019-03-01,58.112,66.1,91.376,53.368,65.128,130.344
2019-03-04,77.292,69.632,97.524,60.58,66.428,143.636
2019-03-05,53.58,70.98,106.312,61.352,72.98,134.444
2019-03-06,60.732,70.244,89.82000000000001,52.22,74.32000000000001,137.93200000000002
2019-03-07,64.104,61.456,95.888,58.344,79.66799999999999,139.212
2019-03-08,60.751999999999995,69.68,96.188,58.711999999999996,67.384,136.468
2019-03-11,78.876,77.112,100.636,64.7,74.288,149.804
2019-03-12,56.812,81.056,116.3,60.828,78.436,138.624
2019-03-13,62.06,70.392,97.196,54.524,81.752,136.448
2019-03-14,66.708,66.56,104.376,58.952,83.556,140.236
2019-03-15,63.012,76.22,103.7,61.372,72.02,139.776
2019-03-18,78.148,75.256,103.496,69.34,76.016,153.412
2019-03-19,57.74,76.876,114.64,64.3,79.536,147.912
2019-03-20,60.32,70.4,100.648,55.692,84.56400000000001,141.032
2019-03-21,66.88,64.396,106.232,59.104,84.068,147.296
2019-03-22,63.308,75.752,104.104,63.264,73.612,143.032
2019-03-23,-0.032,0.0,0.0,0.0,0.0,0.0
2019-03-25,83.876,98.8,107.328,75.928,84.056,162.24
2019-03-26,64.78,83.656,121.96000000000001,70.64,86.02,154.612
2019-03-27,66.908,83.684,108.916,61.34,93.348,148.472
2019-03-28,76.076,71.512,118.396,70.21600000000001,97.776,157.144
2019-03-29,75.068,93.12,119.156,77.424,87.792,162.736
2019-04-01,88.528,90.70400000000001,107.104,82.024,80.428,164.228
2019-04-02,61.356,80.564,119.188,69.668,82.972,151.296
2019-04-03,66.652,77.612,103.48,62.332,90.504,144.676
2019-04-04,71.192,74.08,110.168,69.188,93.896,153.364
2019-04-08,91.82,87.93599999999999,114.868,87.716,79.92,160.728
2019-04-09,67.016,89.5,134.808,77.824,86.94,154.792
2019-04-10,73.38,84.404,116.564,64.284,96.02,151.852
2019-04-11,76.08,81.808,124.16,74.064,97.988,159.376
2019-04-12,81.876,96.07600000000001,139.852,81.296,92.084,174.65200000000002
2019-04-13,0.0,0.0,0.0,0.0,0.0,-0.12
2019-04-15,87.12400000000001,81.836,105.408,70.776,78.564,158.648
2019-04-16,58.660000000000004,86.7,116.636,68.456,85.548,152.60399999999998
2019-04-17,65.94,81.408,105.212,59.656,97.604,150.964
2019-04-18,66.944,76.464,114.69200000000001,68.276,96.996,154.74
2019-04-19,74.056,89.328,121.8,80.032,89.14,162.96
2019-04-22,84.24000000000001,80.824,108.268,78.7,77.852,155.38
2019-04-23,60.012,94.4,129.03199999999998,72.292,87.924,159.32399999999998
2019-04-24,72.94,88.792,114.744,66.004,98.556,164.384
2019-04-25,71.892,83.8,117.344,74.468,102.48,170.216
2019-04-26,78.7,89.56,134.792,81.952,92.69200000000001,173.968
2019-04-29,72.03999999999999,71.70400000000001,94.672,67.312,67.716,150.012
2019-04-30,49.016,73.212,100.536,59.344,69.724,137.892
2019-05-06,77.452,78.188,100.068,69.168,69.636,159.504
2019-05-07,52.668,80.292,114.068,62.74,73.84,146.752
2019-05-08,67.644,79.816,109.224,61.156,94.024,160.668
2019-05-09,61.912,77.884,106.348,67.372,95.26,165.54
2019-05-10,69.144,76.03999999999999,112.396,73.104,86.112,165.252
2019-05-11,0.0,0.0,0.0,-0.04,-0.252,0.0
2019-05-13,81.068,77.188,99.172,72.18,70.776,160.452
2019-05-14,57.312,84.164,114.056,67.452,77.208,151.608
2019-05-15,68.632,83.688,110.496,61.532000000000004,91.268,162.636
2019-05-16,63.144,81.572,109.544,70.132,94.00399999999999,167.348
2019-05-17,70.636,78.488,116.58,74.136,84.304,165.324
2019-05-20,78.204,78.708,96.108,70.148,71.44,158.34
2019-05-21,51.728,84.648,108.05199999999999,63.352000000000004,74.736,143.156
2019-05-22,63.692,79.312,100.616,57.264,82.828,148.476
2019-05-23,58.528,75.876,99.32,64.32,86.272,157.056
2019-05-24,66.392,76.216,105.284,68.944,77.692,150.88
2019-05-27,65.06,64.38,81.792,59.384,54.68,128.096
2019-05-28,34.004,59.2,83.772,48.876000000000005,52.008,111.068
2019-05-29,58.724000000000004,74.83200000000001,92.28,53.124,73.524,133.18
2019-05-30,54.952,74.02799999999999,93.932,61.467999999999996,79.74,143.3
2019-05-31,52.808,59.832,85.86,57.632,64.80799999999999,120.436
2019-06-03,69.724,72.224,85.776,62.468,63.967999999999996,139.388
2019-06-04,46.412,75.364,96.24,55.208,65.432,126.70400000000001
2019-06-05,57.284,74.964,90.736,51.412,73.94800000000001,131.924
2019-06-06,0.0,0.0,0.0,0.0,0.0,-0.07200000000000001
2019-06-10,81.108,82.988,103.896,73.196,75.248,160.04
2019-06-11,55.988,85.356,113.072,65.712,80.22,148.2
2019-06-12,65.004,83.464,101.98,57.94,84.44,148.228
2019-06-13,64.092,83.908,107.12,67.228,91.616,163.488
2019-06-14,70.6,84.876,112.292,71.376,86.208,157.86
2019-06-17,87.496,89.072,111.34,79.732,79.252,172.33599999999998
2019-06-18,62.507999999999996,99.544,126.876,72.78,86.24000000000001,163.344
2019-06-19,72.668,92.968,114.036,64.004,92.4,163.48
2019-06-20,71.1,90.72,119.34,73.856,96.276,177.724
2019-06-21,78.664,97.56,125.52,79.584,91.376,174.976
2019-06-24,84.78,85.992,107.864,75.712,75.672,162.808
2019-06-25,56.572,92.812,115.332,66.648,79.004,145.192
2019-06-26,65.004,87.572,106.724,60.86,84.136,149.088
2019-06-27,65.548,86.932,111.444,69.432,91.4,166.284
2019-06-28,72.664,90.096,115.872,74.02,83.348,163.748
2019-07-01,77.652,83.248,98.728,69.072,72.652,154.324
2019-07-02,52.467999999999996,87.19200000000001,110.972,64.75200000000001,76.848,140.664
2019-07-03,62.972,83.96,99.596,57.024,78.332,144.78
2019-07-04,62.56,83.176,103.852,64.964,85.3,160.28
2019-07-05,70.172,85.26,114.432,71.82000000000001,82.368,157.372
2019-07-08,84.864,91.488,108.08000000000001,74.572,80.092,167.248
2019-07-09,56.648,93.816,119.852,69.164,85.612,157.548
2019-07-10,67.648,91.28,108.48,62.372,87.732,158.112
2019-07-11,65.968,90.356,110.98,68.784,91.484,168.24
2019-07-12,71.956,88.284,116.36,73.8,82.104,165.124
2019-07-13,-0.088,0.0,0.0,0.0,0.0,0.0
2019-07-15,80.556,86.684,100.424,71.42,74.652,158.892
2019-07-16,54.507999999999996,89.92,114.772,65.41199999999999,83.02,146.76
2019-07-17,63.904,86.84,102.56,58.192,81.96,146.308
2019-07-18,62.076,83.84,104.916,66.332,87.62,156.452
2019-07-19,68.852,82.744,110.992,70.316,79.62,156.976
2019-07-22,73.18,78.2,95.196,66.124,70.67999999999999,152.604
2019-07-23,49.56,79.968,105.856,62.656,77.504,139.3
2019-07-24,60.016,80.24000000000001,96.77199999999999,53.608,78.504,141.008
2019-07-25,58.648,76.144,98.828,61.2,82.604,149.412
2019-07-26,64.38,76.356,104.592,64.352,77.204,149.12
2019-07-29,85.388,87.2,104.34400000000001,73.856,79.14,165.52
2019-07-30,57.160000000000004,91.908,118.22800000000001,67.908,85.732,152.94
2019-07-31,68.772,88.668,108.376,60.588,88.448,153.22
2019-08-01,64.984,84.48400000000001,108.308,67.176,92.812,162.57999999999998
2019-08-02,71.972,86.1,117.592,72.664,85.96,161.888
2019-08-05,90.06400000000001,90.692,107.684,74.7,78.104,174.42
2019-08-06,56.736,93.328,120.336,69.584,85.696,158.868
2019-08-07,70.496,92.424,112.392,63.164,86.716,159.4
2019-08-08,63.66,91.848,110.684,69.212,91.792,172.736
2019-08-09,71.768,85.8,113.008,72.5,84.496,162.412
2019-08-12,89.464,93.06,108.456,76.952,76.512,174.952
2019-08-13,59.476,106.616,123.46000000000001,72.404,85.816,158.004
2019-08-14,73.852,97.972,114.3,66.804,88.26,162.44
2019-08-15,66.712,100.356,114.996,72.708,93.944,174.456
2019-08-16,75.552,86.992,119.988,76.108,85.3,165.852
2019-08-19,92.848,98.728,114.424,80.972,79.316,180.52
2019-08-20,61.58,103.812,124.336,74.728,85.724,161.32
2019-08-21,75.58,99.82,115.184,68.3,88.348,166.524
2019-08-22,68.176,104.604,115.156,72.30799999999999,93.516,178.204
2019-08-23,75.816,81.988,119.532,78.068,85.872,168.244
2019-08-26,87.988,97.364,104.492,76.576,74.51599999999999,168.4
2019-08-27,59.164,98.104,117.752,71.068,80.852,151.672
2019-08-28,71.54,95.328,108.684,64.05199999999999,84.092,156.816
2019-08-29,65.38,100.296,107.952,69.03999999999999,87.244,166.708
2019-08-30,73.69200000000001,80.66,114.728,74.048,80.536,160.208
2019-09-02,87.404,101.476,106.53999999999999,78.38,75.652,172.784
2019-09-03,59.08,97.896,116.6,73.072,81.656,151.244
2019-09-04,72.148,98.372,109.188,65.776,84.116,157.78
2019-09-05,65.776,102.512,108.65599999999999,69.72,88.636,170.968
2019-09-06,74.588,80.004,114.0,74.0,81.304,162.828
2019-09-09,89.832,104.17999999999999,107.32,78.864,75.9,174.028
2019-09-10,60.004,100.452,121.348,73.70400000000001,84.516,154.208
2019-09-11,73.912,99.908,111.496,66.60000000000001,86.236,161.22
2019-09-12,0.0,0.0,-0.048,0.0,0.0,0.0
2019-09-16,91.316,103.064,109.328,78.02,78.38,179.55599999999998
2019-09-17,60.868,99.06,122.436,73.772,85.272,158.776
2019-09-18,74.124,98.812,111.988,67.408,86.488,162.568
2019-09-19,70.124,100.164,121.232,72.02,93.652,180.928
2019-09-20,78.12,85.008,119.364,77.2,87.988,171.972
2019-09-23,94.7,106.54,110.30000000000001,79.336,82.648,183.992
2019-09-24,62.02,99.968,125.69200000000001,76.096,90.676,163.296
2019-09-25,76.472,103.852,114.708,68.24,91.936,167.90800000000002
2019-09-26,71.804,100.02,116.80799999999999,73.616,95.112,181.984
2019-09-27,80.188,88.64,119.70400000000001,76.744,89.56,173.372
2019-10-08,64.404,105.996,125.888,78.352,88.248,162.64
2019-10-09,82.332,106.71600000000001,121.232,70.396,90.508,173.776
2019-10-10,73.656,98.832,120.324,75.824,98.112,186.58
2019-10-11,83.976,87.008,126.348,80.884,93.06400000000001,179.764
2019-10-12,0.0,0.0,0.0,0.0,0.0,-0.2919999999999999
2019-10-14,96.536,111.748,114.116,78.28,82.456,183.064
2019-10-15,63.432,105.25200000000001,126.58,73.736,88.036,160.46
2019-10-16,77.392,101.316,116.02,68.78,89.56,168.748
2019-10-17,70.644,93.952,115.25200000000001,72.072,94.788,175.5
2019-10-18,78.9,80.436,122.45599999999999,74.792,86.94,166.38
2019-10-19,0.0,0.0,0.0,0.0,0.0,-0.128
2019-10-21,88.34,100.588,107.56,74.52,76.764,170.692
2019-10-22,58.08,97.644,118.43599999999999,70.12,82.98,152.56
2019-10-23,70.536,94.148,108.968,64.324,84.02,156.704
2019-10-24,65.812,88.52799999999999,109.268,68.264,88.744,165.468
2019-10-25,72.764,74.8,115.05199999999999,70.804,82.69200000000001,157.688
2019-10-28,88.564,100.444,105.692,74.768,76.332,171.232
2019-10-29,59.908,102.48,120.188,71.72,83.88,153.624
2019-10-30,70.768,95.972,108.512,64.236,85.748,156.268
2019-10-31,66.612,90.696,105.108,68.648,87.972,165.476
2019-11-01,73.56,77.55199999999999,112.148,72.104,81.136,157.128
2019-11-04,94.604,110.908,112.57600000000001,78.58800000000001,83.448,186.52
2019-11-05,61.988,107.4,124.672,71.336,91.872,169.696
2019-11-06,77.128,102.25999999999999,114.44399999999999,72.152,91.068,172.776
2019-11-07,70.652,96.172,113.328,74.888,97.256,183.208
2019-11-08,78.324,81.688,121.692,76.616,87.068,172.752
2019-11-11,91.84,111.1,111.776,78.568,82.544,188.308
2019-11-12,63.176,108.388,125.324,72.648,91.252,171.044
2019-11-13,77.492,102.896,113.752,73.468,90.324,175.032
2019-11-14,71.044,97.892,111.92,76.136,94.572,180.524
2019-11-15,78.944,82.1,119.476,77.696,87.484,171.4
2019-11-18,90.104,110.848,111.536,77.996,83.752,187.74
2019-11-19,62.548,107.24,124.196,71.212,92.628,171.012
2019-11-20,75.108,102.436,113.724,73.056,92.044,175.268
2019-11-21,69.772,98.936,112.112,75.884,97.932,182.18
2019-11-22,77.056,82.044,119.99199999999999,76.44,87.28,173.54399999999998
2019-11-25,91.828,110.496,109.80799999999999,79.608,81.86,185.424
2019-11-26,62.692,106.244,123.712,71.564,89.992,168.232
2019-11-27,74.92,101.828,111.432,72.492,88.94800000000001,173.132
2019-11-28,69.092,98.2,110.544,75.02,93.748,177.564
2019-11-29,77.672,82.38,116.456,77.08,84.496,168.952
2019-12-02,102.012,120.972,123.02,84.972,91.136,199.516
2019-12-03,64.048,114.71600000000001,131.692,74.736,97.144,184.536
2019-12-04,79.068,109.312,121.152,77.536,96.068,186.968
2019-12-05,73.332,105.38,118.12,80.496,103.896,195.0
2019-12-06,81.196,84.984,126.236,82.68,94.33200000000001,184.552
2019-12-09,98.268,119.644,121.304,86.404,90.984,199.412
2019-12-10,65.54,116.648,135.644,76.348,99.208,184.484
2019-12-11,78.816,109.928,122.5,79.188,98.044,189.58
2019-12-12,73.98,104.848,121.096,81.176,104.452,193.184
2019-12-13,83.464,85.496,128.244,84.364,96.6,182.112
2019-12-16,93.336,112.732,111.552,82.128,80.996,186.024
2019-12-17,63.06,107.876,121.70400000000001,71.884,88.72,171.488
2019-12-18,72.568,98.56400000000001,110.076,71.688,87.352,171.952
2019-12-19,61.760000000000005,86.324,97.64,67.364,83.5,159.268
2019-12-20,58.339999999999996,58.984,89.804,59.664,63.092,119.148
2019-12-21,0.0,0.0,0.0,0.0,0.0,-0.024
2020-01-01,178.956,217.584,258.932,171.716,193.164,382.25600000000003
2020-01-02,151.112,231.736,301.912,167.604,229.78,390.416
2020-01-03,175.708,236.964,286.496,170.48,228.66400000000002,419.168
2020-01-04,175.21200000000002,221.252,305.564,170.744,237.124,417.37199999999996
2020-01-05,177.016,166.788,290.06,182.06,219.356,394.868
2020-01-06,189.70000000000002,218.428,274.844,174.376,182.26,383.552
2020-01-07,128.256,195.016,274.068,144.128,187.108,321.408
2020-01-08,114.128,151.964,205.248,113.20400000000001,150.684,289.232
2020-01-09,139.404,178.936,251.928,138.36,169.588,318.408
2020-01-10,119.664,123.444,210.904,134.016,147.84,276.852
2020-01-11,0.0,0.0,0.0,0.0,0.0,-0.8559999999999998
2020-01-12,0.0,0.0,0.0,0.0,0.0,-0.148
2020-01-13,116.896,126.64,154.228,95.796,107.396,237.832
2020-01-14,78.532,128.68,162.632,85.69200000000001,119.132,216.696
2020-01-15,89.62400000000001,123.884,150.74,86.94,113.54400000000001,218.772
2020-01-16,89.032,121.908,152.144,89.832,117.816,231.956
2020-01-17,95.26,92.472,154.328,91.96,108.684,212.556
2020-01-18,71.02799999999999,82.996,99.032,55.568,66.468,149.536
2020-01-19,50.604,81.816,106.708,50.275999999999996,72.10799999999999,137.84
2020-01-20,56.524,72.712,94.124,50.256,69.268,139.92
2020-01-21,53.948,69.044,94.888,52.712,68.356,137.604
2020-01-22,56.804,50.972,90.292,52.28,64.388,122.172
2020-02-10,93.316,98.032,129.792,74.164,88.05199999999999,173.416
2020-02-11,65.496,99.996,141.42,68.55199999999999,96.868,157.624
2020-02-12,73.248,95.664,127.92,71.44,94.512,158.304
2020-02-13,75.176,92.232,131.50400000000002,75.024,94.24,169.852
2020-02-14,79.364,72.092,131.39600000000002,79.488,89.488,154.33599999999998
2020-02-17,134.684,150.924,176.84799999999998,111.036,114.152,229.88
2020-02-18,98.732,155.668,195.952,99.584,125.176,204.412
2020-02-19,103.764,143.996,171.864,99.52,122.772,210.504
2020-02-20,106.07600000000001,138.692,171.66,103.592,122.688,225.348
2020-02-21,110.712,112.52000000000001,177.612,107.196,116.624,204.16
2020-02-23,96.844,115.652,136.592,80.38,72.456,151.712
2020-02-24,36.78,30.308,37.224000000000004,28.352,38.136,75.412
2020-02-25,95.248,149.44,184.364,93.04,119.06,192.976
2020-02-26,100.00399999999999,138.112,172.116,96.352,120.584,205.088
2020-02-27,103.452,133.872,172.512,97.016,120.404,214.348
2020-02-28,101.568,104.336,173.224,100.26,111.928,195.496
2020-02-29,66.784,73.016,87.86,50.484,58.456,122.868
2020-03-01,44.936,72.936,93.752,47.224000000000004,62.32,110.8
2020-03-02,49.22,69.284,89.648,48.224,58.948,109.29599999999999
2020-03-03,48.764,63.592,87.212,49.647999999999996,62.524,121.892
2020-03-04,49.832,47.42,85.068,49.128,57.647999999999996,105.728
2020-03-05,58.916,61.724000000000004,78.316,46.832,54.828,110.032
2020-03-06,39.112,61.108,85.676,42.036,57.804,101.948
2020-03-09,75.944,76.392,102.392,60.872,65.868,136.132
2020-03-10,54.548,82.852,114.996,56.468,70.628,125.28
2020-03-11,63.544000000000004,81.872,112.096,61.216,75.304,144.688
2020-03-12,63.775999999999996,78.624,109.68,62.372,78.412,153.22
2020-03-13,66.69200000000001,59.104,110.388,65.988,72.14399999999999,138.8
2020-03-16,74.376,83.22,101.132,62.519999999999996,64.488,144.216
2020-03-17,52.672,85.368,110.94800000000001,56.44,69.344,132.364
2020-03-18,62.016,80.568,107.404,61.232,70.764,142.252
2020-03-19,59.403999999999996,75.968,101.976,61.18,74.54,150.204
2020-03-20,62.18,63.564,103.912,64.044,67.508,131.85999999999999
2020-03-23,77.16,82.008,101.34,60.844,66.084,149.968
2020-03-24,53.083999999999996,88.944,114.844,56.78,74.404,137.284
2020-03-25,61.888,81.42,107.832,60.263999999999996,73.468,143.312
2020-03-26,58.676,76.244,103.428,61.092,76.168,152.152
2020-03-27,63.124,60.148,107.18,64.248,71.82000000000001,139.008
2020-03-30,79.788,87.784,116.068,72.484,73.532,164.404
2020-03-31,57.944,93.98,120.94,63.54,79.8,146.24
2020-04-01,63.668,82.948,110.74,63.9,75.172,152.52
2020-04-02,65.24,81.5,110.532,67.148,76.724,158.18
2020-04-07,66.452,108.508,134.744,70.888,90.788,159.204
2020-04-08,71.548,94.80799999999999,122.636,71.172,86.384,168.54
2020-04-09,74.46,97.552,124.976,75.1,87.832,177.112
2020-04-10,76.156,79.568,125.00399999999999,85.464,83.588,162.988
2020-04-13,91.84,105.616,127.2,88.292,81.164,184.16
2020-04-14,65.72,113.912,131.57999999999998,74.612,88.844,160.568
2020-04-15,71.89200000000001,98.596,118.73599999999999,62.384,82.736,164.26
2020-04-16,72.424,94.77199999999999,114.616,73.48,81.08,170.776
2020-04-17,71.728,77.492,115.572,70.50399999999999,76.972,152.82
2020-04-20,89.688,101.28,121.364,85.272,79.412,178.892
2020-04-21,66.624,109.61999999999999,128.108,73.996,86.492,159.148
2020-04-22,70.508,94.876,118.00800000000001,63.256,83.204,166.892
2020-04-23,72.06,98.444,116.12400000000001,76.164,88.132,178.76
2020-04-24,74.312,81.33200000000001,120.056,71.64,84.052,164.196
2020-04-27,98.276,107.008,127.656,89.124,84.21600000000001,192.752
2020-04-28,66.396,115.67999999999999,132.892,77.756,91.82,172.34
2020-04-29,74.892,97.724,118.612,63.9,86.43599999999999,171.768
2020-05-06,73.812,99.488,118.772,65.768,86.316,177.488
2020-05-07,76.58,105.664,120.432,80.848,92.676,189.82
2020-05-08,78.028,82.704,123.44800000000001,74.308,85.148,168.988
2020-05-11,96.964,110.34,130.968,93.332,86.328,198.232
2020-05-12,73.276,120.46,137.516,86.928,97.224,177.668
2020-05-13,77.036,104.284,124.47200000000001,77.34,89.68,185.208
2020-05-14,78.04,108.756,124.792,82.296,92.46000000000001,194.292
2020-05-15,80.648,86.16,124.396,66.896,85.488,174.256
2020-05-18,91.848,107.688,129.644,93.34,83.776,191.972
2020-05-19,68.008,119.856,133.992,87.016,95.816,175.272
2020-05-20,73.64,102.428,122.444,71.30799999999999,89.152,180.124
2020-05-21,75.636,105.708,118.976,78.004,91.224,189.608
2020-05-22,78.356,83.96,118.896,63.908,82.04,168.932
2020-05-25,96.56,113.492,146.028,92.268,83.904,192.252
2020-05-26,72.048,124.99199999999999,156.744,88.676,96.052,177.9
2020-05-27,76.55199999999999,107.056,86.304,70.176,90.724,184.18
2020-05-28,79.224,111.16,114.236,82.016,91.84,189.644
2020-05-29,77.804,86.004,138.18,66.532,82.696,168.752
2020-06-01,96.03999999999999,112.768,146.272,94.88,81.332,191.82
2020-06-02,71.536,122.104,148.688,90.932,93.92,173.708
2020-06-03,77.208,106.56400000000001,86.8,71.524,89.732,166.39600000000002
2020-06-04,78.632,106.5,113.408,83.308,89.196,201.844
2020-06-05,77.952,86.544,135.224,67.964,81.056,166.976
2020-06-08,94.872,112.284,129.568,112.404,82.212,194.852
2020-06-09,68.728,120.704,132.496,77.98400000000001,91.66,175.808
2020-06-10,77.044,105.268,133.216,80.38,90.616,166.0
2020-06-11,80.116,109.164,120.1,73.308,93.42,205.912
2020-06-12,81.096,84.892,120.544,70.64,86.848,172.85999999999999
2020-06-15,90.708,108.868,120.03999999999999,93.84,79.792,186.916
2020-06-16,67.028,117.124,126.372,86.468,87.42,168.144
2020-06-17,73.548,99.508,127.72,75.088,85.94800000000001,161.04
2020-06-18,75.16,103.656,111.58,72.476,89.032,198.572
2020-06-19,77.428,80.044,115.228,65.82000000000001,82.232,162.568
2020-06-22,79.29599999999999,94.82000000000001,113.384,86.548,78.264,177.852
2020-06-23,59.428000000000004,100.024,118.704,81.62,81.20400000000001,162.368
2020-06-24,65.596,87.964,116.15599999999999,71.464,82.808,154.504
2020-06-26,66.96000000000001,66.212,104.32,59.116,73.784,154.644
2020-06-29,78.336,95.084,110.01599999999999,62.4,77.736,177.796
2020-06-30,57.632,98.988,115.89999999999999,76.98400000000001,81.304,158.48
2020-07-01,63.647999999999996,84.952,114.27199999999999,80.124,80.188,151.44
2020-07-02,67.268,89.008,107.28,69.2,88.144,191.74
2020-07-03,66.57600000000001,60.708,100.228,58.367999999999995,74.052,149.408
2020-07-06,72.024,90.88,98.25999999999999,53.936,66.356,162.508
2020-07-07,55.584,102.696,111.296,73.41199999999999,71.028,158.392
2020-07-08,68.388,91.12,118.86,83.404,76.876,148.512
2020-07-09,65.332,99.536,110.092,67.844,84.528,194.572
2020-07-10,70.716,68.584,109.104,66.16,77.06,164.724
2020-07-13,94.148,116.912,126.51599999999999,73.764,87.904,202.952
2020-07-14,64.892,122.84400000000001,136.188,88.784,86.84,184.824
2020-07-15,74.964,100.66,134.64,90.888,88.252,167.42
2020-07-16,72.456,109.564,122.856,74.552,93.916,210.428
2020-07-17,75.884,74.76,117.05199999999999,72.076,82.772,172.988
2020-07-20,96.316,116.112,126.18,73.848,87.508,199.764
2020-07-21,64.968,119.152,135.028,87.46,86.58800000000001,190.86
2020-07-22,77.24,99.972,136.952,95.832,88.48,167.3
2020-07-23,72.08,109.636,124.184,75.05199999999999,94.572,213.192
2020-07-24,75.988,76.644,119.252,73.964,84.64399999999999,175.704
2020-07-27,91.872,110.612,123.168,70.408,84.136,192.736
2020-07-28,63.42,116.708,132.524,84.488,85.172,185.08
2020-07-29,73.048,95.736,131.588,90.272,87.22800000000001,160.016
2020-07-30,69.7,104.792,120.02799999999999,70.444,91.312,205.02
2020-07-31,73.436,73.65599999999999,115.012,71.06,81.244,171.504
2020-08-03,87.432,108.328,117.74,68.22,81.864,191.06799999999998
2020-08-04,58.5,110.824,126.52799999999999,81.464,83.076,177.776
2020-08-05,69.276,92.0,124.864,86.184,83.5,154.104
2020-08-06,64.82,99.368,112.892,67.088,87.812,197.456
2020-08-07,68.676,69.012,108.944,66.716,79.088,161.98
2020-08-10,93.864,115.248,122.524,72.836,87.92,200.32
2020-08-11,65.74,122.336,134.364,84.66799999999999,88.008,188.268
2020-08-12,74.484,100.832,135.09199999999998,97.664,90.588,168.432
2020-08-13,71.748,109.596,120.94800000000001,73.048,94.74,211.964
2020-08-14,77.736,77.78399999999999,122.33200000000001,74.0,85.552,176.52
2020-08-17,95.516,114.508,122.164,70.12,87.768,199.748
2020-08-18,66.66799999999999,121.06,130.992,85.116,90.648,189.116
2020-08-19,74.552,99.956,132.68,100.712,92.35600000000001,168.452
2020-08-20,71.008,108.824,119.584,72.528,92.656,211.808
2020-08-21,77.376,77.972,119.084,75.728,85.69200000000001,176.272
2020-08-24,96.516,114.988,122.54,71.536,88.016,200.22
2020-08-25,66.98,121.38,129.148,85.364,87.52,185.74
2020-08-26,72.94,96.764,127.652,97.096,89.212,162.392
2020-08-27,69.984,105.568,114.296,70.048,89.384,202.46
2020-08-28,75.264,76.372,114.16,73.508,85.156,170.452
2020-08-31,99.072,120.968,124.616,72.216,90.396,200.476
2020-09-01,69.79599999999999,128.996,136.98,89.752,89.94,192.604
2020-09-02,76.932,105.356,136.48,102.428,94.88,171.064
2020-09-03,73.58,113.208,119.864,73.74,96.7,211.464
2020-09-04,79.38,78.788,116.744,75.328,87.044,171.352
2020-09-07,97.02,117.416,122.084,71.84,84.5,195.4
2020-09-08,70.176,130.288,131.12,89.928,86.86,187.788
2020-09-09,77.528,110.776,139.952,105.016,92.132,170.052
2020-09-10,76.584,116.96,121.928,76.504,95.216,214.812
2020-09-11,83.14,83.44800000000001,122.6,76.924,89.752,182.18
2020-09-14,87.71600000000001,107.94,112.136,67.724,79.776,181.012
2020-09-15,61.616,115.724,118.992,80.952,79.02,174.624
2020-09-16,68.984,94.524,125.536,94.684,81.80799999999999,152.944
2020-09-17,67.376,102.47200000000001,108.656,69.664,86.456,195.056
2020-09-18,72.628,74.868,110.94,70.084,79.74,164.148
2020-09-21,85.788,104.852,108.14,65.064,78.036,177.524
2020-09-22,60.123999999999995,112.08,116.30799999999999,78.672,77.688,172.94400000000002
2020-09-23,67.416,93.152,120.79599999999999,90.672,80.5,150.504
2020-09-24,64.07600000000001,99.396,103.732,66.63199999999999,85.404,187.332
2020-09-25,70.384,72.66,106.084,67.236,79.292,158.628
2020-09-28,77.572,96.22,103.4,60.056000000000004,75.604,171.768
2020-10-08,71.06,107.976,110.52,69.53999999999999,91.168,197.584
2020-10-09,78.252,79.54,118.352,73.176,83.168,168.336
2020-10-12,108.268,130.66,139.18,82.568,89.316,203.284
2020-10-13,74.084,132.02,127.088,93.64,86.76,188.612
2020-10-14,81.792,110.328,136.92,105.48,89.456,171.588
2020-10-15,79.492,116.688,117.012,77.56,91.88,208.304
2020-10-16,85.24,90.072,126.06,79.396,84.62,176.62800000000001
2020-10-19,113.544,135.936,148.672,88.448,92.868,210.108
2020-10-20,78.292,142.112,136.712,99.636,87.852,193.268
2020-10-21,84.624,118.212,144.856,110.364,92.728,179.196
2020-10-22,83.14,125.924,120.92,82.912,93.936,217.284
2020-10-23,91.976,97.228,129.944,83.86,87.168,183.448
2020-10-26,110.49600000000001,130.772,146.868,86.852,92.512,206.64000000000001
2020-10-27,78.224,134.64,135.264,99.748,88.26,197.364
2020-10-28,83.124,114.448,142.344,109.4,94.244,176.16
2020-10-29,78.728,119.50399999999999,114.096,81.492,91.764,209.856
2020-10-30,77.508,88.252,108.78399999999999,73.64,77.804,157.772
2020-11-02,97.85600000000001,113.308,127.404,77.168,80.944,181.236
2020-11-03,69.98,122.056,119.14,89.1,77.80799999999999,174.752
2020-11-04,75.228,102.368,127.364,98.484,84.712,158.472
2020-11-05,73.868,110.36,106.272,74.584,85.28,194.084
2020-11-06,81.472,89.508,112.184,74.748,78.56,161.144
2020-11-09,101.708,117.508,135.692,82.224,84.712,185.356
2020-11-10,71.584,129.976,125.164,92.912,80.348,178.316
2020-11-11,77.424,101.228,131.516,101.008,86.252,158.488
2020-11-12,76.372,106.612,109.768,77.596,86.876,193.124
2020-11-13,83.156,89.584,115.06,77.504,79.824,162.328
2020-11-16,99.004,115.38,130.10399999999998,78.62,81.728,178.06
2020-11-17,67.712,123.78,118.98,87.644,76.55199999999999,168.564
2020-11-18,70.748,92.712,121.24000000000001,93.22800000000001,80.508,147.81199999999998
2020-11-19,71.58,99.912,101.252,72.324,80.844,181.244
2020-11-20,80.388,83.312,109.524,74.324,75.74,154.82
2020-11-23,122.228,141.844,156.24,93.692,98.316,217.48
2020-11-24,84.492,155.16,147.48,108.29599999999999,93.656,211.328
2020-11-25,88.97200000000001,118.388,152.72,117.128,102.836,187.504
2020-11-26,88.904,123.968,129.648,89.48,102.148,226.78
2020-11-27,98.572,101.3,135.54,89.572,95.58,193.00799999999998
2020-11-30,79.112,96.1,105.52000000000001,62.436,67.16,145.448
2020-12-01,55.156,101.548,97.976,72.7,62.736,142.108
2020-12-02,59.876,76.472,102.068,77.428,69.716,125.664
2020-12-03,57.904,82.376,86.444,59.42,68.508,150.24
2020-12-04,64.14399999999999,66.66,89.472,59.856,64.288,128.084
2020-12-07,76.172,92.616,100.86,59.4,65.176,142.132
2020-12-08,51.980000000000004,97.324,93.97999999999999,68.84400000000001,61.22,139.272
2020-12-09,56.22,75.78,97.048,73.528,67.188,121.892
2020-12-10,54.444,77.908,83.14,57.032000000000004,67.58,147.944
2020-12-11,61.507999999999996,62.724,86.524,56.384,62.86,125.696
2020-12-14,70.672,85.76,91.86800000000001,54.204,59.692,131.476
2020-12-15,47.732,92.28,84.784,63.768,55.576,125.76
2020-12-16,51.328,71.54,87.188,67.536,61.124,111.58
2020-12-17,49.032000000000004,74.824,76.08,51.312000000000005,62.403999999999996,135.956
2020-12-18,57.04,58.708,77.296,51.724,58.616,115.624
2020-12-21,71.008,86.448,95.296,55.852,60.568,133.448
2020-12-22,48.116,92.056,88.5,65.368,57.132,128.644
2020-12-23,51.272,69.804,88.996,67.448,61.084,110.608
2020-12-24,45.524,66.916,70.404,48.928,56.571999999999996,123.852
2020-12-25,46.300000000000004,49.596,64.468,42.944,47.263999999999996,89.8
2021-01-01,134.548,158.36,198.756,106.94,119.0,279.224
2021-01-02,104.73599999999999,196.452,210.61599999999999,146.856,127.504,296.88
2021-01-03,117.1,151.776,215.736,151.4,141.168,274.96
2021-01-04,116.164,148.56,187.4,119.48,144.072,320.78000000000003
2021-01-05,126.496,125.544,193.516,117.708,136.52,277.264
2021-01-06,153.964,175.776,230.504,123.428,142.528,319.236
2021-01-07,118.892,211.84,231.472,152.256,142.064,319.288
2021-01-08,125.548,167.388,240.37199999999999,170.584,154.488,291.992
2021-01-09,124.148,166.012,205.804,128.928,153.676,341.46
2021-01-10,134.116,141.212,214.756,136.224,149.208,292.248
2021-01-12,170.38,201.192,249.076,137.54,151.244,340.46
2021-01-13,130.276,230.132,251.652,164.864,150.024,338.884
2021-01-14,133.564,179.384,251.34,177.76,160.9,306.736
2021-01-15,135.556,179.656,221.988,138.892,162.644,363.18
2021-01-16,138.544,154.57999999999998,225.664,139.432,150.26,301.948
2021-01-18,109.7,129.868,162.992,79.932,101.32,227.532
2021-01-19,82.264,150.26,165.916,99.548,97.164,229.44
2021-01-20,86.792,117.4,165.16,108.796,105.464,203.936
2021-01-21,84.956,124.772,152.44,87.768,111.212,250.412
2021-01-22,88.7,93.756,151.748,88.092,98.724,203.956
2021-01-25,90.792,111.764,141.264,68.924,87.616,196.844
2021-01-26,68.812,127.064,144.972,84.544,85.216,200.82399999999998
2021-01-27,75.07600000000001,104.452,147.268,99.464,96.22,185.636
2021-01-28,77.76,106.68,138.244,76.02799999999999,96.42,226.352
2021-01-29,81.124,87.69200000000001,138.504,81.86,89.008,191.772
2021-02-01,94.832,108.156,140.228,72.744,86.6,198.08
2021-02-02,71.78,132.06,149.084,88.9,88.604,200.476
2021-02-03,80.008,102.924,149.44,105.396,98.116,186.624
2021-02-04,79.388,103.128,137.20000000000002,78.016,95.128,222.448
2021-02-05,85.53999999999999,82.088,136.16400000000002,82.176,89.30799999999999,188.26
2021-02-06,94.364,106.06400000000001,135.936,69.6,84.172,184.796
2021-02-07,72.704,124.84,139.988,85.024,82.508,193.928
2021-02-18,59.944,74.52799999999999,92.108,58.088,72.644,164.40800000000002
2021-02-19,64.07600000000001,60.24,96.892,59.14,67.456,143.184
2021-02-22,54.128,60.228,73.584,38.42,46.772,108.708
2021-02-23,37.788,66.568,74.48,48.184,45.864,108.412
2021-02-24,42.612,55.588,78.464,55.724000000000004,52.596,98.132
2021-02-25,40.412,54.72,68.86800000000001,43.796,53.376,118.592
2021-02-26,44.268,43.688,70.232,41.888,49.816,100.36
2021-03-01,84.148,97.104,110.61200000000001,66.084,68.396,152.52
2021-03-02,62.264,115.788,110.208,82.55199999999999,66.852,153.224
2021-03-03,69.704,90.228,116.508,90.844,77.132,138.90800000000002
2021-03-04,66.78,91.8,95.896,70.732,73.744,169.548
2021-03-05,74.56,79.576,105.056,76.83200000000001,72.56400000000001,143.54
2021-03-08,80.932,93.476,107.776,67.992,65.94,150.248
2021-03-09,60.344,109.992,107.696,86.74,64.224,148.54
2021-03-10,66.664,86.976,112.504,87.024,73.588,134.336
2021-03-11,63.38,87.092,93.10000000000001,68.55199999999999,71.928,161.672
2021-03-12,70.008,76.252,99.412,69.568,69.044,138.512
2021-03-15,84.144,101.54,116.664,70.104,71.896,160.984
2021-03-16,65.596,120.312,117.868,88.6,70.384,163.332
2021-03-17,72.464,96.32000000000001,122.336,94.976,79.468,149.404
2021-03-18,69.864,96.336,102.264,73.712,77.748,174.364
2021-03-19,79.76,84.64,119.768,81.436,77.744,153.084
2021-03-22,85.496,104.71600000000001,117.804,71.084,72.724,163.188
2021-03-23,65.768,121.696,117.456,89.124,69.964,164.98
2021-03-24,73.3,97.256,123.484,96.332,80.004,149.416
2021-03-25,70.088,96.084,102.508,74.52,78.684,174.12
2021-03-26,76.208,84.48,110.604,75.028,75.652,149.668
2021-04-01,71.868,91.496,103.492,73.16,78.584,179.772
2021-04-02,73.672,78.452,111.684,71.26,74.148,155.452
2021-04-05,82.528,96.24,110.348,65.952,68.636,155.368
2021-04-06,62.108,109.332,112.496,79.836,68.14,155.2
2021-04-07,71.30799999999999,90.52,117.68,87.988,75.836,143.448
2021-04-08,67.62,90.828,98.956,70.376,72.884,175.38
2021-04-09,74.184,79.516,104.48,71.212,70.492,147.34
2021-04-12,87.236,101.78,117.268,70.208,70.98,163.172
2021-04-13,69.708,114.852,116.74000000000001,84.832,69.26,160.444
2021-04-14,71.604,92.684,122.184,93.448,78.104,148.884
2021-04-15,72.676,94.228,101.024,74.16,74.22,175.748
2021-04-16,77.064,83.5,108.55199999999999,72.94,72.316,150.28
2021-04-19,96.52,112.7,129.524,76.3,78.14,179.32
2021-04-20,73.004,127.976,129.832,93.444,78.936,179.004
2021-04-21,82.38,105.072,134.948,102.38,87.20400000000001,163.42
2021-04-22,80.696,106.452,112.564,80.804,81.084,199.952
2021-04-23,86.608,92.71600000000001,118.792,83.072,81.968,168.136
2021-04-26,122.028,142.152,168.068,99.676,97.532,226.644
2021-04-27,99.468,161.192,164.648,121.668,97.168,218.96
2021-04-28,90.012,117.352,155.716,120.396,100.916,186.584
2021-04-29,95.69200000000001,122.22,125.104,95.048,84.824,206.476
2021-05-05,71.924,91.88,119.26,90.932,78.324,147.076
2021-05-06,70.34,93.96,102.108,71.024,75.648,181.044
2021-05-07,78.996,81.196,109.3,74.208,75.388,152.652
2021-05-10,95.17999999999999,111.284,130.892,77.0,77.252,179.73600000000002
2021-05-11,76.82000000000001,127.584,131.32,95.664,77.20400000000001,178.584
2021-05-12,78.356,101.22,137.8,104.008,85.716,168.54
2021-05-13,80.548,104.2,112.55199999999999,81.768,80.66,197.012
2021-05-14,85.29599999999999,91.348,121.572,80.936,80.94,166.948
2021-05-17,85.99600000000001,103.736,116.74,70.224,70.644,165.124
2021-05-18,67.244,114.884,121.26,87.84,72.864,166.868
2021-05-19,73.6,95.832,123.648,93.452,79.664,152.704
2021-05-20,70.956,96.56,103.38,74.592,74.08,182.696
2021-05-21,77.652,87.364,110.66,76.304,74.368,154.844
2021-05-24,83.132,97.652,114.172,68.152,67.924,154.64
2021-05-25,67.912,109.28,114.69200000000001,83.352,67.22,156.792
2021-05-26,69.32,89.736,119.872,88.732,76.04,147.736
2021-05-27,70.624,91.58,97.644,72.308,70.224,170.576
2021-05-28,74.28,83.848,105.42399999999999,70.48,67.756,143.916
2021-05-31,72.352,100.496,110.96,66.604,68.596,154.164
2021-06-01,74.256,107.792,114.056,78.724,67.044,153.992
2021-06-02,71.784,89.568,115.216,81.61200000000001,74.392,138.176
2021-06-03,65.556,89.2,91.904,67.304,70.172,166.572
2021-06-04,75.584,80.812,101.17999999999999,69.524,69.68,140.108
2021-06-07,70.748,100.83200000000001,113.676,65.56,68.92,157.176
2021-06-08,58.268,111.856,114.532,79.644,70.004,158.908
2021-06-09,-0.168,90.38,115.592,85.908,78.196,145.028
2021-06-10,0.0,87.53200000000001,94.56,66.528,70.684,167.568
2021-06-11,0.0,77.924,99.9,65.84,66.936,138.044
2021-06-14,0.0,122.32,138.256,82.496,84.08,192.524
2021-06-15,0.0,136.036,141.892,98.47200000000001,85.6,194.192
2021-06-16,0.0,113.908,144.448,103.408,95.908,176.628
2021-06-17,0.0,114.66799999999999,121.336,84.552,89.236,217.06799999999998
2021-06-18,0.0,102.788,130.64,86.632,88.76,178.892
2021-06-21,0.0,130.364,149.932,87.20400000000001,90.74,210.016
2021-06-22,0.0,143.89600000000002,150.232,107.204,92.78800000000001,212.46
2021-06-23,0.0,118.976,157.008,117.72,104.124,195.38
2021-06-24,0.0,111.736,124.516,85.78399999999999,91.092,222.392
2021-06-25,0.0,80.6,97.48,63.88,72.876,136.532
2021-07-01,102.292,102.74000000000001,110.984,77.836,82.72,204.06
2021-07-02,114.0,90.652,119.73599999999999,79.284,82.44,171.176
2021-07-03,0.0,0.0,0.0,0.0,0.0,-0.3679999999999999
2021-07-05,107.128,114.128,130.432,76.292,78.272,183.352
2021-07-06,119.876,130.14,137.552,95.148,85.924,192.49599999999998
2021-07-07,110.972,107.272,144.012,104.028,92.988,178.452
2021-07-08,108.768,107.08,116.252,81.644,85.732,209.408
2021-07-09,115.308,99.288,124.792,83.27199999999999,84.576,175.824
2021-07-12,75.02,103.76,116.06,65.828,71.852,170.12
2021-07-13,82.616,115.44,123.38,83.932,76.684,177.716
2021-07-14,78.344,96.12,125.688,90.748,83.70400000000001,158.352
2021-07-15,72.768,99.744,104.98400000000001,72.78,79.216,196.24
2021-07-16,81.872,86.2,113.736,74.732,78.896,163.696
2021-07-19,75.856,103.388,117.93599999999999,66.964,71.43599999999999,166.648
2021-07-20,85.684,115.956,125.06400000000001,85.548,77.13199999999999,176.156
2021-07-21,77.304,95.516,128.156,92.932,83.528,162.57999999999998
2021-07-22,75.884,97.756,106.16799999999999,73.74,78.572,194.244
2021-07-23,81.228,88.452,115.136,75.556,78.632,163.16
2021-07-26,72.164,99.352,113.448,65.44,68.28,159.932
2021-07-27,80.256,112.4,120.884,81.60000000000001,72.964,169.324
2021-07-28,75.56,93.528,122.264,88.43599999999999,80.864,149.98
2021-07-29,70.612,96.57600000000001,100.276,70.748,75.648,183.876
2021-07-30,79.292,85.1,109.16799999999999,72.112,75.56,156.544
2021-08-02,76.392,104.284,121.344,67.868,72.296,170.68
2021-08-03,86.044,118.244,129.68,81.652,78.71600000000001,164.656
2021-08-04,77.38,96.72,131.512,73.912,84.912,181.232
2021-08-05,75.74,99.108,105.96000000000001,74.016,79.396,184.924
2021-08-06,81.48,89.664,114.928,87.296,77.596,166.12
2021-08-09,74.396,103.512,117.152,67.036,71.672,162.692
2021-08-10,84.492,117.244,125.30799999999999,80.932,76.96000000000001,160.4
2021-08-11,78.596,98.036,126.976,74.776,83.9,177.176
2021-08-12,72.36,100.132,104.76,74.192,79.392,182.4
2021-08-13,82.144,88.78,113.368,85.88,78.644,164.888
2021-08-16,74.572,105.012,118.356,68.544,71.364,166.764
2021-08-17,85.208,117.336,125.432,81.212,76.78,158.484
2021-08-18,77.216,96.152,126.644,74.392,83.676,176.668
2021-08-19,74.348,99.548,105.564,74.136,79.14,180.512
2021-08-20,80.368,90.732,113.548,87.58,77.84,162.84
2021-08-23,71.368,100.344,111.476,63.94,69.304,157.724
2021-08-24,79.684,113.572,119.216,76.956,73.3,155.412
2021-08-25,74.8,94.21600000000001,121.764,72.092,81.644,173.164
2021-08-26,68.856,95.628,98.756,69.584,74.712,171.908
2021-08-27,79.616,85.224,108.172,83.272,75.008,159.496
2021-08-30,74.628,101.336,116.848,66.76,70.772,165.712
2021-08-31,83.592,116.348,123.324,79.852,76.72,159.816
2021-09-01,75.312,94.116,124.928,71.592,83.14,175.648
2021-09-02,72.688,97.768,103.78399999999999,72.80799999999999,77.224,183.672
2021-09-03,79.43599999999999,88.508,111.56400000000001,86.30799999999999,76.376,164.108
2021-09-06,85.652,118.092,134.556,78.456,82.52,188.132
2021-09-07,94.748,134.096,141.244,92.936,86.568,183.356
2021-09-08,92.036,113.252,146.332,87.484,96.38,204.976
2021-09-09,84.268,115.968,119.028,84.904,89.644,207.728
2021-09-10,95.764,101.316,128.948,99.99600000000001,88.96000000000001,186.888
2021-09-13,87.08,119.996,137.5,80.888,82.264,195.204
2021-09-14,99.2,136.604,145.528,95.004,89.34,183.004
2021-09-15,91.772,113.58,149.504,87.328,98.272,207.436
2021-09-16,86.18,116.08,122.76,87.804,91.14,210.192
2021-09-17,95.384,105.14,133.32,103.34,90.456,190.668
2021-09-22,86.20400000000001,104.264,133.328,81.42,89.28,185.672
2021-09-23,77.712,107.312,112.168,79.52,84.196,194.93200000000002
2021-09-24,89.544,95.292,121.184,93.632,84.108,175.476
2021-09-27,88.476,118.39999999999999,137.86,80.928,82.48,195.792
2021-09-28,101.22,136.088,147.108,95.236,89.792,181.448
2021-10-08,96.728,103.696,127.06,104.228,86.732,180.616
2021-10-11,89.684,121.492,141.912,86.56400000000001,83.5,194.50400000000002
2021-10-12,101.6,137.40800000000002,148.056,98.28399999999999,89.416,180.884
2021-10-13,92.604,114.408,149.984,90.104,98.55199999999999,201.956
2021-10-14,89.70400000000001,118.452,121.096,88.20400000000001,88.848,206.064
2021-10-15,95.06,108.30799999999999,131.08,107.036,87.784,182.336
2021-10-18,90.928,123.328,143.10399999999998,88.3,82.38,189.50400000000002
2021-10-19,100.39999999999999,140.948,150.132,100.476,89.41199999999999,180.74
2021-10-20,95.508,116.41199999999999,148.336,93.928,97.928,203.664
2021-10-21,88.516,120.612,119.068,88.56,88.196,203.152
2021-10-22,100.892,109.6,133.844,108.336,88.69200000000001,184.004
2021-10-25,92.544,123.708,145.748,89.744,85.32,198.776
2021-10-26,103.788,141.40800000000002,152.468,101.012,91.86,184.468
2021-10-27,94.868,118.444,154.416,92.928,100.388,206.09199999999998
2021-10-28,90.668,121.044,123.92,90.604,91.908,211.288
2021-10-29,98.58,111.096,135.224,109.812,91.216,185.512
2021-11-01,90.804,123.224,141.74,88.83200000000001,82.44,189.16
2021-11-02,100.0,141.5,148.45600000000002,100.032,88.048,179.604
2021-11-03,96.468,115.484,149.09199999999998,92.732,96.44,201.132
2021-11-04,87.82,116.64,118.072,87.292,88.452,200.148
2021-11-05,103.044,111.224,133.428,108.24799999999999,90.136,182.864
2021-11-08,109.44399999999999,147.548,173.056,107.552,99.488,228.59199999999998
2021-11-09,120.956,168.5,179.392,119.64800000000001,105.624,211.852
2021-11-10,112.368,140.684,182.112,112.6,117.26,236.32
2021-11-11,107.948,142.588,144.92000000000002,107.988,107.13199999999999,241.428
2021-11-12,116.684,135.068,158.46,130.924,104.84,213.308
2021-11-15,95.7,130.124,149.764,93.264,86.784,198.768
2021-11-16,104.748,146.568,157.892,104.52799999999999,92.56,189.04
2021-11-17,100.108,120.528,157.12800000000001,97.512,101.376,202.03199999999998
2021-11-18,93.824,126.14,124.664,92.02799999999999,92.38,221.44799999999998
2021-11-19,105.27199999999999,118.18,140.984,115.164,93.884,192.652
2021-11-22,90.136,125.67999999999999,141.376,86.492,83.496,191.34
2021-11-23,99.53999999999999,134.39600000000002,148.928,98.52,88.908,179.352
2021-11-24,92.144,114.18,149.748,91.06400000000001,97.368,192.504
2021-11-25,86.448,117.464,118.732,87.22,87.664,208.784
2021-11-26,95.468,106.92,130.78,106.27199999999999,87.724,178.176
2021-11-29,72.632,104.004,113.78,70.252,67.336,156.276
2021-11-30,78.388,111.196,122.048,82.68,70.84,145.028
2021-12-01,75.51599999999999,91.472,120.688,74.26,78.0,158.332
2021-12-02,68.776,95.184,95.676,69.504,71.104,168.704
2021-12-03,79.136,85.96,104.94800000000001,84.372,70.644,146.432
2021-12-06,72.6,104.208,114.812,70.884,67.436,158.68
2021-12-07,80.084,110.928,122.056,83.208,71.412,146.324
2021-12-08,74.38,93.812,123.932,74.748,79.392,158.416
2021-12-09,70.06,96.668,97.604,71.44,72.472,169.744
2021-12-10,80.028,87.93599999999999,106.37599999999999,85.532,71.852,147.792
2021-12-13,71.444,101.072,111.04,67.964,65.136,150.292
2021-12-14,76.044,105.628,115.68,79.876,67.012,139.228
2021-12-15,72.96,86.864,112.584,69.464,71.184,143.16
2021-12-16,56.1,80.96000000000001,75.056,56.72,53.528,128.604
2021-12-17,45.46,53.996,65.384,51.431999999999995,41.448,78.616
2022-01-01,147.76,202.508,242.856,144.84,140.82,327.78
2022-01-02,158.424,211.464,255.452,166.1,150.744,304.992
2022-01-03,145.428,182.12800000000001,256.416,147.024,161.876,331.616
2022-01-04,138.788,183.792,206.28,146.092,157.136,353.496
2022-01-05,152.42000000000002,161.44400000000002,220.5,167.784,151.5,301.996
2022-01-06,137.804,190.228,228.764,132.644,130.364,305.54
2022-01-07,145.736,204.036,238.24,157.36,136.86,285.244
2022-01-08,140.132,173.016,238.704,138.976,151.228,309.072
2022-01-09,129.78,180.336,192.024,140.16,144.816,331.504
2022-01-10,156.752,164.536,211.96,168.04,148.064,291.652
2022-01-12,120.256,168.532,197.66,114.33200000000001,115.152,275.708
2022-01-13,129.252,178.744,208.1,135.972,122.076,253.228
2022-01-14,118.38,150.16,209.4,118.42399999999999,133.18,269.72
2022-01-15,113.2,154.43200000000002,167.94,118.832,128.344,290.788
2022-01-16,128.612,137.7,181.688,138.37199999999999,124.66,248.944
2022-01-18,127.636,179.84,208.028,122.988,122.016,287.836
2022-01-19,135.772,193.96,217.788,146.852,127.756,266.992
2022-01-20,128.74,160.248,220.028,128.272,139.54,283.856
2022-01-21,117.988,165.488,173.812,125.948,135.876,308.952
2022-01-22,139.912,146.88,191.24800000000002,147.768,131.204,264.8
2022-01-24,87.852,124.468,148.268,82.588,87.616,210.74
2022-01-25,96.176,133.416,156.288,101.312,93.328,193.62
2022-01-26,87.588,111.076,155.988,87.36,100.196,203.048
2022-01-27,80.664,112.44800000000001,126.02,88.372,100.004,220.032
2022-01-28,93.624,98.10000000000001,134.76,100.34,92.37599999999999,188.652
2022-02-07,55.54,79.876,91.892,53.416000000000004,54.596,128.704
2022-02-08,60.211999999999996,85.7,96.288,66.128,57.808,120.376
2022-02-09,55.660000000000004,71.472,95.128,57.268,62.211999999999996,126.544
2022-02-10,51.428,73.504,76.268,56.048,61.352,138.48
2022-02-11,61.668,64.148,83.20400000000001,65.272,58.164,118.916
2022-02-14,57.268,86.416,94.436,57.1,55.832,130.36
2022-02-15,62.368,88.124,98.46,67.632,58.224000000000004,119.268
2022-02-16,57.891999999999996,67.34,98.624,59.432,63.912,127.136
2022-02-17,55.82,79.228,79.44,58.456,61.888,138.61599999999999
2022-02-18,62.552,68.76,86.528,68.788,59.08,117.87599999999999
2022-02-21,53.816,80.824,88.392,53.676,51.616,118.996
2022-02-22,59.36,84.476,91.932,63.156,53.464,109.836
2022-02-23,55.18,66.656,91.89999999999999,56.224000000000004,59.412,118.568
2022-02-24,51.436,69.604,72.8,53.852,56.336,128.736
2022-02-25,59.516,63.764,80.656,64.548,55.084,109.528
2022-02-28,62.576,97.604,104.72,65.964,59.344,137.316
2022-03-01,69.176,86.068,108.16,75.488,62.416,125.248
2022-03-02,63.980000000000004,78.812,108.428,66.344,68.864,135.164
2022-03-03,60.448,90.736,85.952,65.0,66.024,146.528
2022-03-04,68.812,84.532,96.308,77.74,63.048,125.904
2022-03-07,72.8,107.924,118.592,72.892,67.384,156.972
2022-03-08,78.964,97.616,120.7,83.908,70.77199999999999,146.076
2022-03-09,73.388,90.312,123.224,75.756,78.516,157.716
2022-03-10,69.372,103.376,97.964,71.984,73.372,171.02
2022-03-11,78.884,91.088,106.844,87.02,71.772,144.37199999999999
2022-03-14,73.452,111.416,122.7,75.996,69.552,161.592
2022-03-15,80.096,102.14,124.66,86.872,73.132,146.956
2022-03-16,74.38,94.336,125.996,76.932,80.676,159.664
2022-03-17,71.244,104.844,100.912,74.92,75.608,173.184
2022-03-18,80.52,93.764,109.66,88.348,73.576,145.836
2022-03-21,74.62,108.82000000000001,120.824,72.728,68.828,157.496
2022-03-22,79.668,99.956,123.072,87.916,72.32000000000001,147.224
2022-03-23,75.74,94.12,125.888,77.188,80.048,158.624
2022-03-24,71.896,103.768,99.404,72.76,74.528,173.132
2022-03-25,81.788,93.66,108.876,87.164,72.668,146.148
2022-03-28,75.508,115.156,124.88,74.19200000000001,70.56,164.184
2022-03-29,82.504,102.08,126.924,95.16,74.66799999999999,151.576
2022-03-30,75.812,96.664,130.124,80.076,83.732,162.96
2022-03-31,72.66,103.304,102.70400000000001,78.668,76.71600000000001,176.728
2022-04-01,81.252,94.2,111.932,90.056,75.152,147.444
2022-04-06,81.504,103.21600000000001,133.87199999999999,83.252,86.796,167.52
2022-04-07,76.57600000000001,110.62,106.84400000000001,82.492,80.084,184.93200000000002
2022-04-08,88.492,101.304,117.52,96.316,79.536,156.752
2022-04-11,95.436,141.26,154.228,91.268,86.796,199.876
2022-04-12,102.86399999999999,125.268,127.788,111.112,91.74,185.04
2022-04-13,93.812,118.584,151.512,99.172,102.06,198.852
2022-04-14,92.152,127.58,127.136,97.084,93.7,216.436
2022-04-15,102.496,117.952,135.3,112.28,92.848,179.088
2022-04-18,75.384,112.456,123.856,71.344,70.664,162.096
2022-04-19,80.988,100.728,122.452,88.308,74.444,153.096
2022-04-20,74.98,94.416,125.628,78.52,81.536,163.028
2022-04-21,72.0,99.584,101.20400000000001,77.596,77.41199999999999,176.16
2022-04-22,81.44,92.56,110.88799999999999,89.488,74.708,149.728
2022-04-25,79.208,118.52,130.56,75.148,74.928,171.332
2022-04-26,86.108,108.52,132.684,93.14,78.612,160.912
2022-05-06,77.316,85.848,104.176,82.352,71.448,144.792
2022-05-09,86.856,110.912,143.76,82.916,81.452,152.172
2022-05-10,92.488,113.616,145.364,97.712,86.008,118.94
2022-05-11,84.30799999999999,107.328,147.608,87.564,95.032,0.0
2022-05-12,64.808,114.424,117.668,87.172,89.25200000000001,0.0
2022-05-13,0.0,97.6,126.62,81.376,85.972,0.0
2022-05-16,0.0,133.292,174.172,100.864,98.488,183.164
2022-05-17,57.088,142.764,177.12800000000001,122.896,102.392,174.572
2022-05-18,107.52799999999999,134.37199999999999,178.768,108.856,113.664,229.16400000000002
2022-05-19,64.136,140.14000000000001,140.832,108.828,107.116,161.26
2022-05-20,87.8,127.216,154.544,124.784,105.136,210.436
2022-05-23,118.312,151.192,196.328,116.3,110.032,204.804
2022-05-24,114.184,154.736,198.92,137.9,116.056,228.54
2022-05-25,116.3,145.296,204.028,121.12,127.752,247.24
2022-05-26,111.432,154.068,159.572,123.072,120.116,266.624
2022-05-27,124.21600000000001,141.812,172.692,141.032,118.104,227.128
2022-05-30,38.592,56.42,64.96000000000001,35.24,37.800000000000004,87.216
2022-05-31,41.444,51.576,66.892,44.484,39.22,82.736
2022-06-01,38.768,47.58,66.904,37.792,42.988,87.184
2022-06-02,35.276,49.924,53.272,39.9,43.211999999999996,93.35600000000001
2022-06-06,65.26,96.86,109.276,63.376,61.836,141.304
2022-06-07,70.928,88.844,111.108,76.924,65.624,133.12
2022-06-08,66.072,82.888,113.5,66.824,71.724,141.548
2022-06-09,63.336,87.22,89.648,68.516,68.228,150.54
2022-06-10,70.632,79.724,96.424,77.304,64.02,127.26
2022-06-13,65.56400000000001,96.876,112.896,62.172,61.68,139.88
2022-06-14,70.788,88.224,105.636,76.404,63.792,131.604
2022-06-15,67.18,83.252,111.656,67.364,71.072,141.256
2022-06-16,64.304,86.712,86.636,67.04,67.564,152.468
2022-06-17,72.352,81.56,100.148,77.828,66.22,129.328
2022-06-20,67.372,100.576,117.7,66.488,64.38,145.804
2022-06-21,73.784,91.88,111.2,79.74,66.964,136.588
2022-06-22,69.14,86.128,115.97200000000001,69.192,74.792,144.488
2022-06-23,66.42,91.528,91.392,72.216,70.492,158.044
2022-06-24,74.2,84.768,103.172,80.408,68.72,133.352
2022-06-27,62.368,91.472,103.244,59.584,58.684,133.84
2022-06-28,66.932,82.944,98.92,72.5,60.876000000000005,127.72
2022-06-29,63.244,78.008,105.32000000000001,63.716,68.056,133.752
2022-06-30,59.467999999999996,81.69200000000001,80.668,67.524,64.22,148.496
2022-07-01,67.42,76.444,94.22800000000001,73.636,62.156,122.748
2022-07-04,114.008,167.464,192.024,110.528,107.548,242.428
2022-07-05,125.592,150.628,180.228,133.55599999999998,112.48,227.64
2022-07-06,114.388,144.39600000000002,192.976,118.58,125.812,242.536
2022-07-07,112.952,153.564,152.54,116.664,115.556,260.484
2022-07-08,121.732,139.696,173.11599999999999,135.236,112.21600000000001,217.008
2022-07-11,111.924,165.276,186.852,106.94800000000001,107.848,243.148
2022-07-12,118.716,149.856,174.948,130.3,111.088,228.948
2022-07-13,113.424,140.964,188.596,113.596,122.748,243.168
2022-07-14,95.128,148.776,144.45600000000002,114.248,117.584,262.92
2022-07-15,123.604,137.664,168.5,129.612,113.844,226.604
2022-07-16,109.17999999999999,163.428,184.624,111.356,105.75200000000001,238.332
2022-07-17,119.20400000000001,149.136,174.45600000000002,129.18,106.848,224.224
2022-07-18,111.464,140.052,182.7,111.244,121.14,239.184
2022-07-19,99.18,147.432,145.644,112.832,120.104,255.192
2022-07-20,120.3,136.608,168.204,129.52,111.396,217.89600000000002
2022-07-25,0.0,0.36,0.0,0.36,0.0,0.628
2022-07-26,0.36,0.0,0.42000000000000004,0.0,0.42000000000000004,-0.028
2022-07-27,0.0,0.0,0.0,0.0,0.0,0.08
2022-08-01,84.62,126.172,144.108,82.024,82.084,187.28799999999998
2022-08-02,90.612,117.02,135.892,99.496,85.128,175.324
2022-08-03,86.624,108.5,146.752,85.736,94.048,187.96
2022-08-04,79.88,113.788,110.652,88.976,90.656,201.64000000000001
2022-08-05,93.208,105.468,129.828,101.184,87.12,174.74
2022-08-08,78.94,120.788,52.764,79.048,75.396,180.928
2022-08-09,86.916,111.252,0.0,95.952,82.516,167.624
2022-08-10,81.104,102.376,0.0,81.0,89.104,177.48
2022-08-11,75.504,107.144,0.0,84.784,90.788,190.712
2022-08-12,86.352,98.676,0.0,95.848,83.796,132.768
2022-08-15,113.592,162.72,0.0,106.26,101.54,238.348
2022-08-16,119.784,150.18,0.0,128.72,110.14,222.592
2022-08-17,115.048,140.852,0.0,112.644,122.74,240.392
2022-08-18,109.452,150.136,0.0,114.74799999999999,118.38,261.004
2022-08-19,122.38,139.284,0.0,134.436,113.34,223.664
2022-08-22,52.312,74.328,88.788,48.084,48.736,117.408
2022-08-23,56.884,65.5,82.5,59.92,53.532000000000004,110.956
2022-08-24,51.912,61.024,89.296,52.592,58.456,115.78
2022-08-25,50.324,66.424,69.284,52.244,58.028,123.82
2022-08-26,54.08,59.86,79.336,59.312,51.992000000000004,102.2
2022-08-29,50.891999999999996,74.352,86.252,47.572,46.824,111.256
2022-08-30,53.84,65.908,78.456,57.436,50.292,104.496
2022-08-31,51.06,62.852,85.672,50.592,56.224000000000004,110.16
2022-09-01,48.444,67.404,66.096,51.696,55.912,121.66799999999999
2022-09-02,55.732,60.628,78.604,60.24,52.696,102.888
2022-09-05,80.94800000000001,119.724,137.328,79.348,73.912,174.308
2022-09-06,87.332,106.608,128.348,94.836,81.068,163.548
2022-09-07,81.94,101.148,136.728,82.152,90.112,172.352
2022-09-08,79.176,109.072,107.7,83.64,87.084,187.152
2022-09-09,86.764,99.72800000000001,122.956,94.568,80.884,155.036
2022-09-13,80.508,99.93599999999999,116.24000000000001,86.088,75.624,153.712
2022-09-14,79.164,94.268,127.63199999999999,78.672,84.268,165.676
2022-09-15,75.048,101.684,99.248,78.648,81.988,181.668
2022-09-16,84.276,93.76,118.02,90.612,77.42,150.776
2022-09-19,75.792,110.112,128.37199999999999,72.988,67.772,162.356
2022-09-20,81.688,99.244,118.888,88.588,74.944,152.772
2022-09-21,76.84,92.792,127.988,77.564,84.008,161.56
2022-09-22,74.792,101.264,99.708,77.804,81.116,174.624
2022-09-23,80.072,91.72,115.132,87.54,75.56,143.62
2022-09-24,0.0,0.0,0.0,-0.092,0.0,0.0
2022-09-26,73.196,108.16,123.636,68.24,66.604,155.636
2022-09-27,77.044,95.928,115.38,85.344,72.136,148.996
2022-09-28,74.644,90.228,123.204,75.136,80.448,158.264
2022-09-29,71.292,96.56,94.696,74.26,77.864,171.94
2022-09-30,79.848,88.456,109.708,86.232,74.156,143.116
2022-10-09,94.892,137.588,155.7,89.88,83.772,194.116
2022-10-10,94.172,137.484,156.84,91.82,83.864,196.184
2022-10-11,102.616,125.824,148.8,111.892,92.472,185.864
2022-10-12,95.668,119.148,155.256,98.38,103.796,196.968
2022-10-13,92.52,127.928,124.444,96.924,99.0,216.16400000000002
2022-10-14,99.904,116.556,140.828,111.292,92.816,175.468
2022-10-17,102.364,149.936,170.37199999999999,96.952,92.708,213.0
2022-10-18,109.468,139.184,160.228,121.504,99.908,203.448
2022-10-19,105.808,129.85999999999999,165.776,105.236,111.58,216.528
2022-10-20,99.24,137.496,131.484,103.856,106.328,239.772
2022-10-21,111.896,128.792,151.612,121.3,102.9,196.32
2022-10-24,101.376,149.528,172.164,99.22,92.62,214.692
2022-10-25,111.184,136.876,162.472,121.852,100.196,204.744
2022-10-26,103.62,128.37199999999999,169.428,105.068,113.148,216.152
2022-10-27,99.992,135.748,135.168,104.616,108.912,236.6
2022-10-28,108.252,128.428,152.632,120.72800000000001,101.304,193.34799999999998
2022-10-31,89.876,128.964,145.708,81.652,78.46,182.076
2022-11-01,94.656,117.86,134.216,102.852,83.50800000000001,178.336
2022-11-02,91.544,109.748,143.016,89.344,93.992,188.464
2022-11-03,88.512,115.224,112.368,87.176,89.172,208.928
2022-11-04,97.26,109.96000000000001,129.876,104.568,86.676,169.496
2022-11-07,107.444,156.268,179.12,103.376,95.53999999999999,224.728
2022-11-08,117.688,142.916,169.824,127.668,105.792,215.89600000000002
2022-11-09,109.252,133.928,176.35999999999999,111.356,117.604,229.128
2022-11-10,107.08,143.232,141.704,109.168,112.252,247.38
2022-11-11,113.816,135.188,161.74,127.02,105.336,211.256
2022-11-14,113.544,163.228,188.516,106.788,100.244,232.06
2022-11-15,121.516,148.16400000000002,173.852,133.316,108.97200000000001,228.97199999999998
2022-11-16,117.124,142.10399999999998,182.5,119.952,122.708,243.71599999999998
2022-11-17,114.884,149.468,148.45600000000002,113.508,114.28,265.692
2022-11-18,118.596,137.56,160.0,129.464,102.348,207.636
2022-11-21,108.444,0.0,183.312,105.876,96.528,226.156
2022-11-22,117.868,0.0,169.988,129.552,106.016,216.424
2022-11-23,110.088,0.0,177.94,113.98400000000001,118.00800000000001,230.52
2022-11-24,107.756,0.0,145.148,110.988,111.70400000000001,248.728
2022-11-25,114.47200000000001,0.0,163.616,128.8,105.5,213.008
2022-11-28,124.85600000000001,0.0,210.192,118.044,0.0,255.996
2022-11-29,132.304,0.0,193.876,147.28,0.0,247.42000000000002
2022-11-30,130.072,0.0,205.028,129.424,0.0,265.716
2022-12-01,122.984,162.364,164.19199999999998,125.148,0.0,288.944
2022-12-02,135.432,153.732,188.74,148.004,122.1,245.284
2022-12-05,61.056,87.82,104.884,59.268,54.68,128.476
2022-12-06,67.0,79.528,97.572,74.112,60.775999999999996,124.43599999999999
2022-12-07,62.072,74.5,103.648,65.288,67.452,131.552
2022-12-08,62.232,80.068,84.004,62.611999999999995,64.212,142.388
2022-12-09,64.176,74.808,93.328,72.488,60.032,119.292
2022-12-12,53.976,76.552,92.368,50.796,48.308,112.992
2022-12-13,57.552,70.304,84.544,64.164,52.616,110.056
2022-12-14,30.72,30.36,48.368,25.316,24.088,50.016
2023-01-01,466.78,591.792,742.216,510.024,461.856,972.876
2023-01-02,137.652,186.636,241.828,125.124,129.352,277.424
2023-01-03,142.632,165.28,222.912,152.544,139.956,275.704
2023-01-04,132.284,155.976,232.796,133.0,160.292,292.62
2023-01-05,138.292,164.84,197.048,131.492,149.272,324.324
2023-01-06,144.536,158.996,217.804,157.488,142.792,268.532
2023-01-07,128.196,181.428,228.716,124.61200000000001,119.53999999999999,268.44
2023-01-08,137.54,158.456,211.46,154.748,133.304,262.788
2023-01-09,127.192,152.912,224.868,145.504,150.636,277.252
2023-01-10,132.592,166.02,186.36,133.484,141.548,303.288
2023-01-11,135.62,156.656,207.70000000000002,158.364,133.564,256.268
2023-01-12,137.12,194.272,240.06,128.328,126.58,283.224
2023-01-13,142.68,170.256,222.66,161.07600000000002,137.276,279.76
2023-01-14,135.736,162.276,236.924,146.548,155.796,296.548
2023-01-15,135.14,173.748,195.33599999999998,137.444,140.816,327.972
2023-01-16,149.124,167.564,216.296,165.184,142.384,273.368
2023-01-17,86.312,114.864,149.968,78.668,79.448,191.38400000000001
2023-01-18,91.092,100.144,136.928,100.104,88.304,186.6
2023-01-19,83.74,95.78,150.568,88.992,94.38,193.4
2023-01-20,82.968,101.636,117.304,87.576,94.16,211.472
2023-01-30,87.168,99.488,138.988,101.16,87.52000000000001,176.628
2023-02-01,55.276,75.176,88.164,48.932,46.912,106.348
2023-02-02,57.272,66.84400000000001,80.788,61.488,50.284,106.48
2023-02-03,53.924,62.64,85.456,58.624,59.0,113.604
2023-02-04,56.46,68.288,72.672,51.916000000000004,52.5,127.604
2023-02-05,59.056000000000004,64.544,81.328,63.804,51.436,101.108
2023-02-06,53.836,73.64,85.844,49.072,45.068,103.712
2023-02-07,58.092,62.848000000000006,79.624,61.24,51.724,103.124
2023-02-08,50.704,60.612,82.892,59.788,59.928,106.872
2023-02-09,56.952,67.084,73.668,51.647999999999996,52.076,119.844
2023-02-10,52.86,61.228,80.04,63.648,49.668,96.756
2023-02-13,52.912,72.752,86.568,47.772,46.128,107.696
2023-02-14,54.332,66.256,79.58,60.244,49.199999999999996,105.068
2023-02-15,54.064,61.46,85.624,53.672000000000004,56.144,115.22
2023-02-16,51.312,66.548,67.66,52.596000000000004,52.024,123.86
2023-02-17,56.7,63.64,78.684,61.868,51.364,103.892
2023-02-20,50.872,72.596,87.34,49.896,45.112,106.232
2023-02-21,53.616,65.54,81.112,61.344,49.188,100.62
2023-02-22,52.732,61.064,85.468,53.556,53.611999999999995,110.576
2023-02-23,49.212,66.392,66.048,53.428,52.188,115.784
2023-02-24,53.032000000000004,62.916000000000004,77.52,62.152,49.344,101.03999999999999
2023-02-27,57.08,80.056,96.29599999999999,53.492,49.736,120.72
2023-02-28,59.128,73.512,87.792,66.772,54.74,114.392
2023-03-01,61.272,67.684,95.70400000000001,59.252,60.432,128.42
2023-03-02,54.636,73.948,72.69200000000001,58.519999999999996,57.588,132.972
2023-03-03,61.408,70.64,86.784,68.324,55.992000000000004,116.476
2023-03-06,52.848,75.34,91.98,51.192,47.488,116.648
2023-03-07,56.9,67.66,84.44,63.516,52.956,108.256
2023-03-08,55.52,62.948,90.97200000000001,56.16,56.768,121.42
2023-03-09,50.668,68.44,69.84,55.424,56.168,124.364
2023-03-10,55.424,65.0,81.712,64.152,52.379999999999995,110.004
2023-03-13,64.384,90.14,110.568,60.528,57.924,131.756
2023-03-14,66.872,81.752,102.848,74.656,63.552,127.128
2023-03-15,65.128,75.88,109.444,68.12,71.644,138.684
2023-03-16,64.1,81.932,88.404,64.912,67.324,148.284
2023-03-17,69.464,77.988,100.668,76.812,65.468,125.616
2023-03-20,106.42,148.988,179.048,103.908,90.596,206.864
2023-03-21,114.44,131.184,164.18800000000002,125.584,102.172,198.48
2023-03-22,107.776,124.964,170.084,116.484,113.944,217.38400000000001
2023-03-23,109.78399999999999,138.524,142.5,107.792,101.592,232.996
2023-03-24,110.4,130.424,158.736,128.352,100.22,195.232
2023-03-27,109.492,153.78,178.28,102.384,92.248,208.256
2023-03-28,115.244,137.468,163.808,125.188,102.036,201.728
2023-03-29,112.356,127.928,172.704,117.384,117.744,224.272
2023-03-30,112.952,141.648,143.684,108.788,101.24,241.364
2023-03-31,116.428,133.4,164.68800000000002,128.548,104.832,197.62800000000001
2023-04-03,106.708,152.072,182.964,103.552,94.66,213.576
2023-04-04,114.772,132.588,167.188,126.624,105.676,205.864
2023-04-06,108.84,137.488,145.444,105.124,104.512,232.376
2023-04-07,110.16,129.68,163.868,128.388,104.93599999999999,199.004
2023-04-10,107.824,152.284,181.676,101.404,94.328,209.924
2023-04-11,110.996,135.52,167.348,123.016,101.884,203.34
2023-04-12,109.932,126.456,176.016,113.832,117.52,223.62
2023-04-13,108.988,138.112,145.536,108.24,105.956,240.32
2023-04-14,114.384,130.228,163.852,125.256,107.44,202.532
2023-04-17,73.58,105.536,0.0,0.0,66.88,0.0
2023-04-18,78.17999999999999,91.952,0.0,0.0,73.708,0.0
2023-04-19,72.916,85.988,0.0,0.0,82.148,0.0
2023-04-20,72.8,94.128,102.292,74.88,78.188,166.296
2023-04-21,75.732,88.74,115.60000000000001,87.132,73.632,141.876
2023-04-24,81.684,115.868,141.1,76.872,73.696,165.7
2023-04-25,85.752,103.28,130.792,93.252,79.792,161.996
2023-04-26,82.72800000000001,95.316,137.416,85.856,91.22,169.78
2023-04-27,81.52,104.616,111.84400000000001,81.896,85.94,184.824
2023-04-28,86.84,98.308,127.58,94.724,83.284,158.98
2023-05-04,0.0,0.0,125.672,70.176,0.0,150.22
2023-05-05,0.0,0.0,118.664,86.228,0.0,146.488
2023-05-06,0.0,0.0,124.892,76.98,0.0,155.032
2023-05-08,60.336,86.248,103.86,54.848,56.188,124.82
2023-05-09,63.852,74.412,96.968,69.92399999999999,61.68,123.316
2023-05-10,60.228,69.904,104.472,63.519999999999996,68.964,130.324
2023-05-11,59.952,76.22,84.004,61.94,66.42,139.948
2023-05-12,61.583999999999996,72.652,96.02,71.404,61.932,120.764
2023-05-15,60.368,87.812,105.32,57.712,55.388,123.744
2023-05-16,64.452,77.072,98.908,69.916,60.012,121.32
2023-05-17,61.604,71.292,104.344,63.164,68.776,129.016
2023-05-18,60.48,77.916,84.236,61.884,64.256,138.9
2023-05-19,64.54,74.328,95.556,71.372,62.528,118.904
2023-05-22,59.936,87.376,107.86,56.972,57.336,126.304
2023-05-23,64.464,74.604,99.86,71.152,62.312,123.56400000000001
2023-05-24,60.12,69.788,105.544,63.632,69.404,130.048
2023-05-25,59.228,76.704,85.084,61.82,68.16,139.24
2023-05-26,62.164,72.416,97.712,70.696,63.2,121.084
2023-05-29,63.008,91.396,108.936,61.132,57.052,126.068
2023-05-30,66.768,80.544,101.36,74.032,61.748,122.33200000000001
2023-05-31,65.336,75.08800000000001,107.564,66.104,70.24,132.224
2023-06-01,63.284,81.612,86.584,64.552,66.66799999999999,142.336
2023-06-02,67.048,77.8,98.896,74.044,64.428,119.824
2023-06-05,61.688,88.78,107.216,58.356,55.832,125.256
2023-06-06,65.0,76.232,98.256,71.012,61.256,123.48400000000001
2023-06-07,61.472,71.46,104.916,65.12,68.112,128.752
2023-06-08,61.308,77.328,84.66,62.14,67.176,138.064
2023-06-09,62.884,73.824,97.52,71.6,61.648,118.376
2023-06-12,64.444,91.744,112.004,59.736,59.048,131.496
2023-06-13,67.48,81.332,103.236,73.24,63.692,129.92
2023-06-14,65.364,74.456,110.468,66.132,72.648,136.88400000000001
2023-06-15,63.776,81.272,88.456,64.304,70.656,148.044
2023-06-16,66.872,76.872,102.124,74.32,66.276,126.364
2023-06-19,63.204,91.07600000000001,105.42,60.032,57.18,125.996
2023-06-20,66.94,79.972,98.624,73.104,62.708,123.488
2023-06-21,62.98,73.412,103.928,66.6,70.08,130.804
2023-06-26,62.3,80.556,83.944,63.516,67.352,140.62800000000001
2023-06-27,64.128,75.792,94.384,73.612,62.932,121.124
2023-07-03,72.552,101.172,121.49600000000001,68.244,66.332,142.864
2023-07-04,74.92,91.168,110.712,83.436,72.124,140.15200000000002
2023-07-05,73.368,83.036,120.188,74.884,81.452,149.088
2023-07-06,71.512,90.90400000000001,95.996,72.668,77.232,161.46
2023-07-07,76.696,85.548,108.572,83.288,74.804,138.592
2023-07-10,84.428,122.53999999999999,143.652,82.528,77.688,169.464
2023-07-11,89.10000000000001,108.88,132.984,100.34,85.372,164.844
2023-07-12,84.272,100.276,141.084,88.956,96.16,173.196
2023-07-13,84.976,108.708,115.28399999999999,88.244,90.55199999999999,188.76
2023-07-14,86.872,102.268,127.896,100.516,86.336,163.012
2023-07-17,85.136,122.844,144.124,81.964,77.472,169.636
2023-07-18,88.852,111.612,131.756,99.232,83.756,164.864
2023-07-19,85.988,101.388,142.004,87.65599999999999,96.06,176.46800000000002
2023-07-20,85.956,108.78,112.54,86.136,90.872,190.312
2023-07-21,90.868,103.54,126.512,99.528,87.624,164.228
2023-07-24,86.136,126.88,149.008,82.968,79.684,174.996
2023-07-25,91.428,111.504,135.112,102.468,86.896,169.60399999999998
2023-07-26,85.532,102.708,144.492,90.452,98.124,176.784
2023-07-27,87.292,111.04,118.152,89.136,92.636,193.228
2023-07-28,89.612,105.312,133.168,101.34,88.46,166.256
2023-07-31,83.684,107.968,143.184,75.728,76.868,169.332
2023-08-01,87.144,105.62,130.92,96.68,83.46000000000001,164.87199999999999
2023-08-02,83.51599999999999,101.4,139.516,77.804,93.24,176.948
2023-08-03,82.744,105.652,112.584,94.66000000000001,90.1,188.912
2023-08-04,87.20400000000001,105.332,128.684,96.288,86.78,162.616
2023-08-07,79.516,105.06,134.308,73.484,73.43599999999999,159.248
2023-08-08,84.24,100.4,125.628,92.892,79.704,154.248
2023-08-09,77.76,98.288,132.39600000000002,75.532,88.096,164.02
2023-08-10,79.152,96.87599999999999,109.684,90.248,85.744,176.096
2023-08-11,82.264,100.376,121.896,92.732,80.868,151.42000000000002
2023-08-14,77.6,99.692,129.7,71.464,69.716,152.244
2023-08-15,80.228,100.53999999999999,120.004,88.996,75.55199999999999,148.228
2023-08-16,77.28399999999999,94.776,128.028,70.388,85.492,159.236
2023-08-17,76.312,95.564,104.976,87.86,80.86,172.888
2023-08-18,83.4,95.872,116.304,87.996,79.016,146.396
2023-08-21,78.864,105.964,133.612,73.728,72.0,155.736
2023-08-22,84.128,100.88,123.124,92.304,77.328,152.048
2023-08-23,77.232,94.804,129.492,74.8,87.536,160.512
2023-08-24,77.79599999999999,96.792,106.916,88.472,83.14,173.296
2023-08-25,81.584,96.636,118.524,92.264,78.852,149.16400000000002
2023-08-28,80.44800000000001,105.496,133.596,74.696,70.56,157.416
2023-08-29,84.004,104.084,122.816,91.812,77.48,152.356
2023-08-30,80.728,96.616,129.872,75.828,87.972,164.852
2023-08-31,80.544,99.448,107.7,89.8,82.476,172.572
2023-09-01,86.828,99.024,119.712,93.69200000000001,79.988,151.112
2023-09-04,88.12,120.372,150.804,84.108,81.48,176.876
2023-09-05,94.34,114.904,139.608,105.06,88.352,169.508
2023-09-06,86.864,106.768,146.42000000000002,84.156,100.092,181.348
2023-09-07,87.86,110.156,122.396,100.24,95.24,190.464
2023-09-08,93.176,108.904,135.39600000000002,104.66,90.592,171.852
2023-09-11,92.648,121.992,151.016,87.056,81.364,178.888
2023-09-12,96.228,120.936,139.644,106.024,88.064,174.868
2023-09-13,93.46,110.052,147.744,87.152,101.12,187.636
2023-09-14,93.364,117.46000000000001,123.592,102.77199999999999,94.364,198.388
2023-09-15,100.728,112.92399999999999,138.072,106.52,91.208,173.744
2023-09-18,90.52,123.452,154.74,85.29599999999999,84.372,180.552
2023-09-19,95.612,117.22,142.488,105.98,90.276,175.888
2023-09-20,88.056,108.208,149.46,83.596,101.096,187.112
2023-09-21,90.176,113.984,125.492,101.26,97.264,196.588
2023-09-22,95.996,111.316,138.38,106.19200000000001,91.79599999999999,174.536
2023-10-09,108.484,143.07999999999998,179.4,101.188,96.696,209.16
2023-10-10,111.356,139.148,165.64000000000001,124.248,104.268,201.312
2023-10-11,108.252,127.128,175.2,100.80799999999999,119.704,219.98
2023-10-12,109.452,134.88,145.38,121.268,112.488,229.088
2023-10-13,118.536,131.996,163.516,124.2,108.116,204.268
2023-10-16,106.864,144.164,178.944,102.388,96.6,208.52
2023-10-17,113.08800000000001,137.608,165.592,124.712,104.21199999999999,200.496
2023-10-18,105.644,128.096,175.36,100.944,117.332,217.292
2023-10-19,108.572,134.224,146.052,119.544,112.444,225.56
2023-10-20,114.136,131.62,162.364,123.66,106.104,200.908
2023-10-23,94.68,125.12,156.156,88.30799999999999,84.69200000000001,183.05599999999998
2023-10-24,96.824,122.432,143.536,108.212,91.188,177.192
2023-10-25,95.132,110.7,152.464,87.164,104.14,193.172
2023-10-26,94.696,118.592,127.39999999999999,104.812,98.17999999999999,202.496
2023-10-27,103.336,115.384,142.804,107.264,94.912,178.94
2023-10-30,91.296,117.872,152.5,84.984,84.0,179.376
2023-10-31,95.256,117.132,141.564,105.132,89.764,173.048
2023-11-01,90.06,112.14,150.052,84.784,101.53999999999999,186.924
2023-11-02,90.904,107.844,123.44,99.792,97.22,193.324
2023-11-03,95.63199999999999,112.832,137.648,104.044,90.22,173.56
2023-11-06,90.88,117.476,155.26,83.352,84.44,183.544
2023-11-07,92.848,119.00800000000001,143.136,103.568,90.756,180.876
2023-11-08,89.696,111.584,153.36,82.624,102.43599999999999,192.744
2023-11-09,89.94,109.012,122.94,99.464,101.056,200.764
2023-11-10,99.428,113.092,140.644,103.208,94.20400000000001,179.644
2023-11-13,93.24,119.72,157.05599999999998,85.9,85.688,180.996
2023-11-14,97.104,121.804,146.24,107.568,91.328,178.008
2023-11-15,89.776,115.324,153.384,84.092,102.512,187.268
2023-11-16,89.812,107.512,124.652,99.956,98.756,192.588
2023-11-17,94.956,110.488,135.184,100.016,89.948,165.816
2023-11-20,92.812,119.404,154.66,86.616,83.372,174.684
2023-11-21,94.06,123.424,144.912,106.256,89.724,175.648
2023-11-22,90.932,117.548,153.012,85.884,103.66,186.632
2023-11-23,94.02,112.672,126.636,101.964,97.76,196.172
2023-11-24,100.52,118.804,141.564,105.264,93.384,171.368
2023-11-27,89.952,115.14,151.02,82.16,81.8,169.624
2023-11-28,91.748,117.028,139.83599999999998,102.636,88.324,167.892
2023-11-29,79.64399999999999,107.552,136.964,81.028,97.796,166.208
2023-11-30,88.064,106.62,123.372,97.852,95.736,182.756
2023-12-01,90.236,112.228,135.724,101.58,89.268,166.564
2023-12-04,51.588,64.732,84.012,43.984,48.004,98.148
2023-12-05,51.704,64.852,77.48400000000001,55.388,51.248,99.928
2023-12-06,49.016000000000005,63.192,83.832,44.692,57.892,103.928
2023-12-07,51.1,61.356,69.08800000000001,54.576,55.608000000000004,109.036
2023-12-08,54.696000000000005,64.224,78.204,56.44,52.656,94.872
2023-12-11,52.832,67.984,90.464,48.796,50.128,103.172
2023-12-12,55.14,70.464,83.916,59.864,53.092,102.42
2023-12-13,50.18,67.904,89.272,47.436,60.78,107.396
2023-12-14,53.224000000000004,63.816,74.048,57.7,58.96,113.504
2023-12-15,55.076,69.648,81.752,59.4,54.367999999999995,100.792
2023-12-18,30.428,40.448,55.120000000000005,30.14,29.62,65.292
2023-12-19,33.88,44.872,53.076,38.78,33.212,66.424
2023-12-20,32.928,41.86,56.776,30.376,37.716,68.54
2023-12-21,27.003999999999998,33.348,37.784,31.736,28.904,61.879999999999995
2023-12-22,12.08,15.616000000000001,18.32,13.244,10.936,19.951999999999998
2024-01-01,135.99599999999998,173.784,230.864,122.796,125.8,268.992
2024-01-02,139.9,175.764,212.664,149.336,135.232,263.912
2024-01-03,131.352,171.88,232.412,118.752,150.15200000000002,278.696
2024-01-04,134.316,159.792,186.464,147.636,150.32399999999998,294.508
2024-01-05,145.304,174.676,210.752,149.72,139.696,262.288
2024-01-06,125.78399999999999,156.308,206.472,110.08,114.384,245.536
2024-01-07,125.756,160.508,191.996,135.712,123.964,243.792
2024-01-08,121.44800000000001,154.10399999999998,210.016,108.592,139.492,256.752
2024-01-09,125.964,146.0,169.308,134.696,134.656,268.368
2024-01-10,137.268,157.248,191.9,137.304,126.736,239.064
2024-01-12,123.324,149.792,207.264,108.78,113.99600000000001,237.716
2024-01-13,125.12,156.18,193.156,133.252,124.64,241.36
2024-01-14,116.712,151.296,210.008,107.53999999999999,141.276,253.136
2024-01-15,124.22800000000001,141.184,170.28,131.052,137.436,261.94
2024-01-16,131.28,151.928,193.932,133.768,128.216,236.632
2024-01-18,114.22399999999999,134.972,187.364,99.33999999999999,103.416,219.26
2024-01-19,115.072,142.608,174.596,122.504,115.0,223.728
2024-01-20,109.74000000000001,138.224,191.184,99.368,128.732,235.824
2024-01-21,116.404,131.28,156.78,120.656,123.764,244.032
2024-01-22,126.108,139.62800000000001,179.3,123.832,118.216,222.056
2024-01-24,68.316,81.584,114.012,62.18,67.196,134.232
2024-01-25,71.696,85.912,110.672,74.804,73.972,138.132
2024-01-26,65.34,83.996,118.99199999999999,62.36,80.672,143.712
2024-01-27,71.464,77.34,100.748,74.056,80.076,149.064
2024-01-28,75.1,86.632,110.672,75.636,75.84,137.556
2024-01-30,61.484,77.304,103.636,54.892,56.756,125.416
2024-01-31,63.436,81.064,99.452,67.288,61.14,127.344
2024-02-01,60.416,76.332,107.04,54.064,69.968,132.592
2024-02-02,63.348,71.316,86.2,66.644,68.264,136.672
2024-02-03,68.74,81.64,98.664,68.224,64.784,123.412
2024-02-04,83.864,107.48,134.92,77.96,71.432,160.012
2024-02-05,89.748,112.244,132.328,93.688,80.392,161.256
2024-02-06,84.06,107.964,136.352,77.92,89.172,166.608
2024-02-07,88.70400000000001,97.864,115.632,92.548,83.22800000000001,176.02
2024-02-18,92.864,113.064,127.792,95.176,80.584,156.328
2024-02-19,78.196,97.588,126.324,70.132,67.38,149.984
2024-02-20,81.272,102.532,122.376,83.528,75.54,152.784
2024-02-21,78.868,98.168,129.948,70.52,85.776,159.136
2024-02-22,83.70400000000001,90.692,108.364,84.332,79.47200000000001,168.084
2024-02-23,89.568,102.476,121.44,86.0,76.93599999999999,146.708
2024-02-26,56.56,71.876,93.004,51.764,49.08,108.676
2024-02-27,60.775999999999996,73.872,90.55199999999999,62.392,55.496,109.504
2024-02-28,55.832,72.068,94.076,51.66,61.672,113.004
2024-02-29,59.868,65.044,79.228,62.184,58.644,118.932
2024-03-01,61.0,74.42,88.364,63.456,55.068,105.024
2024-03-04,80.384,102.456,133.82,74.648,69.656,152.244
2024-03-05,83.108,106.972,128.064,88.528,76.764,156.0
2024-03-06,80.1,102.364,134.84,73.344,87.68,161.832
2024-03-07,84.80799999999999,94.108,110.816,88.196,81.928,169.112
2024-03-08,88.82,106.01599999999999,124.784,90.612,78.028,151.216
2024-03-11,82.212,106.804,140.004,77.336,73.236,157.576
2024-03-12,87.956,111.376,133.196,91.732,79.952,160.18
2024-03-13,81.972,107.372,138.144,75.736,90.916,165.18
2024-03-14,87.396,97.244,115.232,91.36,84.832,174.49599999999998
2024-03-15,90.052,111.276,128.604,92.92,80.548,155.992
2024-03-18,95.116,124.968,162.748,89.752,83.44,183.86
2024-03-19,99.916,131.10399999999998,155.592,109.548,92.792,189.428
2024-03-20,97.82,124.968,163.848,88.276,107.256,195.64
2024-03-21,103.42,115.196,135.076,107.484,97.872,204.796
2024-03-22,109.52799999999999,130.74,152.74,109.728,94.66799999999999,184.8
2024-03-28,90.844,98.288,116.504,93.128,87.06,188.392
2024-03-29,94.956,110.584,130.244,94.348,82.50399999999999,168.932
2024-04-01,84.3,109.01599999999999,141.76,77.864,73.224,156.768
2024-04-02,89.488,114.292,134.664,95.212,83.328,166.48000000000002
2024-04-03,84.02,109.248,140.0,75.976,95.028,153.94
2024-04-08,82.884,106.744,139.208,74.612,74.072,155.308
2024-04-09,85.32000000000001,111.208,132.59199999999998,90.988,81.836,167.664
2024-04-10,82.596,105.584,140.46,73.732,93.16,152.568
2024-04-11,88.488,97.744,114.756,90.28,86.212,187.636
2024-04-12,96.004,108.684,131.364,92.42,83.776,167.964
2024-04-15,97.416,111.03999999999999,144.38,78.79599999999999,77.684,159.424
2024-04-16,89.136,115.804,139.0,96.524,85.912,170.736
2024-04-17,106.864,110.684,146.38400000000001,77.716,97.684,157.492
2024-04-18,76.596,101.152,120.53999999999999,94.56,89.988,193.376
2024-04-19,82.172,113.46000000000001,134.88,96.92399999999999,85.58800000000001,171.932
2024-04-22,95.096,108.268,142.264,76.592,76.58800000000001,159.828
2024-04-23,84.292,112.268,135.744,92.84,83.876,171.708
2024-04-24,103.804,106.644,144.308,75.488,96.67999999999999,157.636
2024-04-25,75.416,99.548,117.42,91.78399999999999,88.72,192.444
2024-04-26,85.92,111.36,134.068,93.884,86.512,172.524
2024-05-06,98.592,113.71600000000001,150.964,78.92399999999999,78.6,167.596
2024-05-07,90.208,117.98400000000001,143.268,98.656,88.74,179.344
2024-05-08,109.644,112.452,152.564,78.512,101.488,164.98
2024-05-09,78.284,103.504,124.092,96.028,94.984,200.52
2024-05-10,86.112,116.032,138.616,98.344,90.452,181.976
2024-05-13,93.432,107.17999999999999,141.484,75.884,76.304,159.324
2024-05-14,83.056,111.528,134.472,92.884,82.80799999999999,167.656
2024-05-15,103.164,106.116,143.464,74.432,96.176,155.828
2024-05-16,75.4,98.096,117.444,90.144,88.724,191.948
2024-05-17,85.728,110.46000000000001,133.404,93.52,84.852,174.95999999999998
2024-05-18,0.0,0.132,0.056,0.044,0.272,0.044
2024-05-20,85.08,96.736,129.34799999999998,66.768,70.824,146.536
2024-05-21,76.22,99.368,121.624,83.472,76.204,154.78
2024-05-22,92.716,95.69200000000001,131.364,66.43599999999999,87.264,143.14000000000001
2024-05-23,66.084,87.152,106.336,80.8,82.21600000000001,174.836
2024-05-24,72.676,99.572,119.848,83.348,77.572,161.444
2024-05-27,85.444,97.416,130.84,69.012,71.136,147.488
2024-05-28,76.38,101.644,121.996,84.248,76.536,156.932
2024-05-29,94.228,97.324,134.092,66.612,89.456,144.24
2024-05-30,68.004,88.108,107.504,82.648,82.568,176.544
2024-05-31,78.048,100.232,122.456,84.808,79.284,163.04
2024-06-03,79.368,91.616,122.276,64.616,65.928,137.648
2024-06-04,72.55199999999999,94.552,114.328,79.132,72.096,145.02
2024-06-05,88.352,91.184,123.77199999999999,63.24,82.656,134.632
2024-06-06,62.252,82.476,100.34,77.036,76.94,165.26
2024-06-07,69.056,94.648,112.872,78.536,72.132,151.308
2024-06-11,68.02799999999999,90.696,110.196,75.428,68.08,141.796
2024-06-12,85.988,87.712,119.864,60.468,80.852,131.548
2024-06-13,59.284,80.292,97.616,73.956,76.808,163.456
2024-06-14,70.14,91.14,111.764,77.128,72.16799999999999,148.344
2024-06-17,76.30799999999999,87.444,116.456,61.5,62.132,131.688
2024-06-18,68.756,89.308,108.632,76.268,67.52,136.72
2024-06-19,84.4,86.916,117.452,60.788,77.728,127.696
2024-06-20,60.028,79.62,95.192,73.528,72.244,157.67600000000002
2024-06-21,66.22,89.676,107.124,75.436,68.156,142.38
2024-06-24,78.148,88.476,119.36,62.024,64.652,137.152
2024-06-27,0.0,0.044,0.032,0.012,0.12,0.12
2024-07-01,94.196,108.02,139.792,75.972,75.424,159.896
2024-07-02,82.524,110.83200000000001,133.74,93.89999999999999,82.584,168.772
2024-07-03,103.92,106.244,143.636,73.904,96.76,154.436
2024-07-04,73.444,94.432,116.128,91.128,88.848,193.88
2024-07-05,85.716,104.32000000000001,131.12,94.436,86.048,174.28
2024-07-08,94.3,105.728,138.856,73.692,76.428,157.392
2024-07-09,83.488,106.324,131.688,90.98,83.048,164.48
2024-07-10,101.292,102.844,140.568,72.736,95.916,152.18
2024-07-11,72.888,91.952,113.964,86.448,89.072,188.7
2024-07-12,81.336,101.20400000000001,129.844,90.896,83.36,171.34
2024-07-15,91.21600000000001,103.936,138.768,74.068,74.808,155.824
2024-07-16,80.932,106.456,129.632,89.68,82.184,165.48
2024-07-17,100.092,101.29599999999999,139.192,71.016,95.74,152.648
2024-07-18,70.392,90.844,111.236,85.344,87.904,187.572
2024-07-19,83.196,100.424,129.732,91.16,84.52,170.71200000000002
2024-07-22,92.58,104.02799999999999,135.02,72.72,73.80799999999999,151.688
2024-07-23,81.408,105.508,126.69200000000001,89.036,79.932,160.088
2024-07-24,99.872,99.6,135.212,71.356,91.8,148.888
2024-07-25,70.304,90.156,110.78,84.748,85.93599999999999,184.072
2024-07-26,79.684,99.904,127.832,90.2,80.436,167.904
2024-07-29,90.884,102.588,135.632,71.804,74.308,159.64
2024-07-30,79.28,104.57600000000001,127.82000000000001,87.336,80.396,163.736
2024-07-31,98.916,100.116,138.812,70.064,93.672,153.072
2024-08-01,70.964,93.14,110.14,83.108,86.608,179.016
2024-08-02,82.072,103.832,127.42399999999999,89.404,82.304,169.568
2024-08-05,92.176,103.936,136.512,72.26,74.604,159.512
2024-08-06,81.756,105.46,128.152,89.3,82.388,162.876
2024-08-07,99.66,101.292,138.184,70.58,93.772,152.74
2024-08-08,71.776,93.804,112.372,87.056,88.152,179.624
2024-08-09,79.56,105.66,127.72,89.544,81.856,168.98000000000002
2024-08-12,90.492,102.156,137.512,72.496,74.672,160.072
2024-08-13,78.684,105.056,128.12,87.292,82.192,164.68
2024-08-14,97.676,101.004,138.82399999999998,70.28,93.044,153.236
2024-08-15,70.6,92.48,111.484,86.672,87.60799999999999,179.284
2024-08-16,81.82000000000001,104.728,127.624,89.12,83.564,169.852
2024-08-19,89.78,98.352,130.136,68.46,71.644,153.4
2024-08-20,78.14,99.92,121.408,84.476,79.74,156.308
2024-08-21,94.788,96.76,130.316,68.196,88.896,145.996
2024-08-22,70.48,89.06,109.008,82.292,83.924,172.844
2024-08-23,75.296,101.83200000000001,122.352,85.36,77.888,161.224
2024-08-26,89.148,99.496,132.448,70.02,72.18,159.124
2024-08-27,77.528,102.288,125.32,84.852,79.772,162.956
2024-08-28,96.316,99.572,135.872,68.928,90.604,151.444
2024-08-29,70.51599999999999,91.196,109.372,83.832,84.832,179.08
2024-08-30,81.004,102.104,124.404,86.66,80.696,166.656
2024-09-02,101.196,113.216,148.68,78.168,82.332,176.992
2024-09-03,90.328,114.508,140.068,97.724,91.544,178.316
2024-09-04,108.208,111.06,152.088,78.78,103.144,168.176
2024-09-05,79.284,101.548,123.956,94.748,97.032,196.98
2024-09-06,86.068,115.212,140.78,98.716,91.588,184.972
2024-09-09,99.052,113.884,150.192,78.916,73.432,178.796
2024-09-10,87.904,116.28399999999999,142.196,96.216,86.968,182.06
2024-09-11,109.744,110.872,153.708,77.14,101.896,170.236
2024-09-12,77.36,101.16,122.908,94.7,95.092,198.708
2024-09-13,91.656,115.56,141.036,98.312,108.864,187.848
2024-09-18,109.54,113.676,156.756,79.856,106.732,173.644
2024-09-19,80.528,107.232,128.988,99.284,99.80799999999999,204.564
2024-09-20,90.324,120.176,146.804,103.272,97.152,195.32
2024-09-23,104.252,118.292,157.408,83.508,86.868,184.46
2024-09-24,93.53999999999999,121.12,149.74,101.92399999999999,95.588,186.068
2024-09-25,0.0,0.108,0.08,0.04,0.268,0.368
2024-10-08,116.12,127.804,169.972,90.916,92.392,206.696
2024-10-09,98.672,131.792,161.88,110.668,102.068,210.852
2024-10-10,123.98,127.104,173.34,88.08,116.504,196.036
2024-10-11,83.884,114.784,138.492,106.66799999999999,106.276,226.032
2024-10-12,107.916,129.912,160.852,113.06,104.376,192.92000000000002
2024-10-13,0.0,0.0,0.0,-0.16,0.0,0.0
2024-10-14,115.67999999999999,125.428,167.992,91.14,91.664,199.412
2024-10-15,99.368,129.372,159.676,109.264,100.792,205.224
2024-10-16,120.432,124.384,170.06,87.508,115.212,190.476
2024-10-17,83.24,111.976,136.544,105.312,105.436,217.8
2024-10-18,103.96,127.868,156.704,111.256,100.924,187.712
2024-10-21,101.44,109.792,149.196,79.39999999999999,82.008,179.872
2024-10-22,87.1,113.152,142.264,96.224,90.712,186.708
2024-10-23,106.808,109.152,152.728,76.104,102.644,171.768
2024-10-24,73.18,99.176,123.568,93.048,94.86,197.52
2024-10-25,94.01599999999999,112.104,142.32399999999998,98.624,91.688,168.648
2024-10-27,125.93599999999999,135.4,179.888,97.96,96.54,213.26
2024-10-28,108.404,137.364,169.936,119.012,106.732,220.60399999999998
2024-10-29,130.52,133.656,180.476,95.592,116.864,206.04399999999998
2024-10-30,91.296,121.82000000000001,151.5,116.36,115.468,236.08
2024-10-31,111.064,139.344,169.388,118.924,106.68,201.32399999999998
2024-11-05,117.188,125.672,167.5,91.544,88.836,200.49200000000002
2024-11-06,99.604,130.392,160.388,111.008,99.512,210.152
2024-11-07,122.084,125.69200000000001,169.476,89.752,112.352,191.148
2024-11-08,85.672,114.524,140.832,107.368,101.51599999999999,223.46800000000002
2024-11-09,107.768,129.1,158.712,114.276,99.632,189.484
2024-11-11,118.812,128.26,166.372,92.852,89.092,195.016
2024-11-12,101.96000000000001,131.964,159.524,112.788,100.068,205.792
2024-11-13,123.96,128.108,166.992,92.172,112.624,191.628
2024-11-14,88.088,115.904,142.816,110.624,100.80000000000001,221.764
2024-11-15,105.712,132.864,158.344,115.532,97.108,188.288
2024-11-18,121.168,129.188,170.968,94.844,91.584,202.9
2024-11-19,103.0,135.752,164.412,114.47200000000001,101.808,216.73999999999998
2024-11-20,126.008,130.256,173.22,94.116,115.236,199.472
2024-11-21,90.392,118.168,147.212,111.684,103.176,232.76
2024-11-22,111.652,134.448,165.77599999999998,118.256,100.184,199.648
2024-11-25,128.496,134.84,182.428,99.64,97.956,215.508
2024-11-26,109.656,140.192,173.356,119.636,109.224,228.39600000000002
2024-11-27,134.12,134.452,181.352,98.864,120.93599999999999,211.84799999999998
2024-11-28,94.156,122.492,156.588,116.888,110.028,244.452
2024-11-29,112.0,140.268,171.056,123.036,104.528,209.124
2024-12-02,68.84,73.036,96.588,53.64,51.711999999999996,115.48
2024-12-03,59.0,76.904,93.172,63.68,56.72,121.912
2024-12-04,73.41199999999999,73.42399999999999,96.072,52.508,63.672000000000004,111.896
2024-12-05,51.008,65.3,82.664,62.608,55.74,129.296
2024-12-06,62.528,74.41600000000001,90.808,65.456,54.896,108.356
2025-01-01,128.096,124.78,183.716,94.488,108.616,229.12
2025-01-02,108.332,133.912,176.52,113.744,117.44,240.16
2025-01-03,124.784,126.296,186.324,95.968,133.516,222.088
2025-01-04,90.32,115.068,160.436,113.76,125.04,259.328
2025-01-05,109.908,130.848,175.052,114.048,115.292,226.448
2025-01-06,159.868,153.328,217.8,115.816,126.004,269.396
2025-01-07,132.44,161.848,213.32,137.184,140.444,289.536
2025-01-08,159.012,153.916,220.48,115.984,154.9,271.112
2025-01-09,118.57600000000001,141.81199999999998,194.928,140.124,140.112,317.692
2025-01-10,145.88,157.7,211.052,142.364,133.624,271.436
2025-01-11,-0.076,0.0,0.0,0.0,0.0,0.0
2025-01-12,170.136,162.504,225.09199999999998,120.916,132.732,277.76
2025-01-13,138.764,169.352,220.528,142.228,143.048,297.63599999999997
2025-01-14,167.64,164.316,226.012,122.2,157.948,277.784
2025-01-15,120.404,148.964,201.208,145.696,145.972,323.08
2025-01-16,146.416,166.828,216.348,149.24,135.06,278.668
2025-01-17,135.6,132.604,188.576,101.832,108.536,236.932
2025-01-18,114.444,140.768,184.58,115.444,117.144,252.612
2025-01-19,135.952,135.608,191.16,99.17999999999999,130.992,237.424
2025-01-20,99.264,123.264,167.296,122.24,120.104,271.568
2025-01-21,123.94,139.528,183.672,126.796,114.384,238.94400000000002
2025-01-22,79.8,72.396,108.7,53.036,69.444,143.812
2025-01-23,67.4,75.104,106.16,60.828,73.584,152.6
2025-01-24,76.652,73.6,106.712,57.576,79.432,143.236
2025-01-25,57.048,67.828,97.136,67.8,75.14,163.248
2025-01-26,65.608,73.34,103.132,66.936,67.452,140.76
2025-02-05,77.864,76.008,108.84,59.008,64.7,136.2
2025-02-06,65.732,79.844,105.992,67.712,70.224,145.308
2025-02-07,78.528,78.108,111.312,58.452,77.836,135.464
2025-02-08,56.9,71.164,95.46000000000001,71.62,72.132,158.276
2025-02-09,69.68,79.56400000000001,104.18,73.876,68.704,133.196
2025-02-10,79.268,73.548,106.152,58.136,62.708,134.928
2025-02-11,67.528,76.46,102.072,70.184,68.728,141.24
2025-02-12,79.672,76.456,107.832,63.168,75.948,132.332
2025-02-13,56.903999999999996,69.38,93.684,71.036,71.004,157.92
2025-02-14,68.972,79.004,102.0,72.36,66.0,134.256
2025-02-17,60.708,59.26,83.824,48.144,50.556,107.252
2025-02-18,52.168,61.512,81.02,55.704,53.552,111.536
2025-02-19,55.496,56.616,75.0,44.352,53.86,93.452
2025-02-20,41.775999999999996,52.14,65.492,52.424,47.716,109.176
2025-02-21,49.236,57.744,72.42,53.448,47.14,93.536
2025-02-24,42.5,41.564,57.988,33.072,36.548,73.168
2025-02-25,36.128,43.379999999999995,56.552,38.596000000000004,38.256,74.98
2025-02-26,42.604,43.064,56.872,33.7,42.688,72.072
2025-02-27,31.324,38.94,50.584,38.912,39.464,83.348
2025-02-28,36.424,43.648,55.552,39.372,36.988,71.636
2025-03-03,99.812,107.36,136.276,78.608,79.108,171.796
2025-03-04,84.732,107.308,131.708,91.736,83.54,180.988
2025-03-05,101.352,108.07600000000001,139.624,75.684,94.952,170.532
2025-03-06,73.592,108.372,118.1,92.78399999999999,86.4,199.576
2025-03-07,90.672,72.92,131.088,94.292,82.628,169.37199999999999
2025-03-10,104.332,115.452,141.288,82.66,83.78,176.684
2025-03-11,90.52000000000001,112.952,137.344,96.316,87.316,183.328
2025-03-12,106.056,115.896,143.0,81.292,97.664,175.472
2025-03-13,76.152,113.904,123.616,97.76,88.208,204.336
2025-03-14,90.14,77.056,134.12,96.22,83.868,170.724
2025-03-17,105.972,121.716,142.516,87.528,82.56,176.924
2025-03-18,90.892,119.736,138.14,100.428,86.54,184.804
2025-03-19,108.71600000000001,120.168,143.808,84.164,99.084,176.31199999999998
2025-03-20,78.652,120.736,122.384,103.728,87.724,204.956
2025-03-21,95.604,82.752,137.632,103.376,85.8,173.48
2025-03-24,104.664,122.7,141.532,84.328,82.552,171.72
2025-03-25,90.068,121.912,136.8,96.904,85.36,177.10399999999998
2025-03-26,105.544,121.16799999999999,141.608,81.736,97.056,169.72
2025-03-27,77.388,115.448,123.4,99.104,86.376,198.744
2025-03-28,94.496,79.348,136.664,100.364,82.316,167.108
2025-04-01,66.068,71.364,90.864,51.379999999999995,54.368,116.304
2025-04-02,56.44,67.848,89.3,60.2,56.656,121.068
2025-04-07,83.20400000000001,89.776,114.06,66.704,66.352,137.98
2025-04-08,72.072,89.56,112.556,77.904,68.544,146.296
2025-04-09,85.46,93.772,117.69200000000001,67.316,79.008,144.936
2025-04-10,62.848,91.44,103.972,80.916,73.312,164.872
2025-04-11,75.412,61.636,112.652,80.648,68.932,139.044
2025-04-14,70.076,75.544,95.508,57.364,55.748,114.252
2025-04-15,59.34,74.908,94.976,65.416,57.628,120.676
2025-04-16,69.672,76.592,98.044,55.26,65.988,117.784
2025-04-17,51.808,75.044,84.956,66.084,59.776,134.048
2025-04-18,62.816,50.908,92.956,68.024,59.316,113.544
2025-04-21,63.64,70.864,87.604,51.652,50.428,103.212
2025-04-22,55.34,71.568,85.908,59.812,52.732,109.536
2025-04-23,64.452,71.664,88.284,51.236,60.956,105.984
2025-04-24,47.72,70.236,78.984,61.116,55.484,121.14
2025-04-25,56.996,47.716,84.64,61.94,52.076,101.564
2025-04-27,58.212,67.376,86.19200000000001,47.188,59.192,103.956
2025-04-28,45.408,67.808,75.98,57.012,52.24,120.336
2025-04-29,54.716,45.628,83.956,59.292,51.328,101.38
2025-05-06,85.44800000000001,91.188,116.392,67.268,68.19200000000001,145.54
2025-05-07,71.636,89.036,114.524,76.6,71.224,153.492
2025-05-08,84.204,87.976,116.824,64.624,79.468,140.98
2025-05-09,60.796,88.704,100.28,77.508,71.904,162.39600000000002
2025-05-10,75.452,60.248,109.704,79.804,68.788,136.68
2025-05-12,87.288,96.376,117.888,71.132,67.824,141.056
2025-05-13,75.396,96.544,115.672,79.576,70.344,149.996
2025-05-14,87.228,95.36,117.268,68.988,78.96,142.848
2025-05-15,63.004,92.968,103.764,81.74,72.348,163.324
2025-05-16,76.376,63.144,111.968,82.94,68.28,137.12800000000001
2025-05-19,86.96,94.96,119.092,70.408,70.644,150.824
2025-05-20,74.972,91.944,118.304,79.388,73.08,158.616
2025-05-21,87.352,92.684,120.108,66.336,82.884,146.996
2025-05-22,62.76,94.336,102.86,81.38,74.22,167.93200000000002
2025-05-23,79.196,64.05199999999999,114.08,83.756,71.124,143.012
2025-05-26,82.264,90.068,112.02,65.912,66.14,136.12
2025-05-27,70.48,88.156,109.6,75.728,68.72,143.76
2025-05-28,82.068,88.712,110.608,64.068,77.276,137.064
2025-05-29,59.64,86.776,98.404,76.53999999999999,69.704,156.076
2025-05-30,71.576,59.308,105.52,77.16,65.788,134.648
2025-06-03,63.384,70.42399999999999,89.004,50.664,52.876,110.488
2025-06-04,54.46,69.144,88.484,58.16,55.403999999999996,115.884
2025-06-05,63.524,68.616,89.732,48.992,61.88,107.532
2025-06-06,47.244,68.124,78.392,59.46,56.076,125.47200000000001
2025-06-07,57.376,47.251999999999995,85.992,60.956,55.256,104.832
2025-06-09,82.104,90.188,112.008,65.932,68.204,137.344
2025-06-10,72.636,88.844,111.208,75.616,70.524,144.612
2025-06-11,83.308,88.92,114.176,62.504000000000005,80.02,140.052
2025-06-12,59.428000000000004,87.952,98.852,77.38799999999999,72.80799999999999,157.548
2025-06-13,73.072,60.208,107.86800000000001,77.46,70.444,136.692
2025-06-16,76.94800000000001,86.65599999999999,108.992,63.8,64.9,133.344
2025-06-17,67.79599999999999,85.67999999999999,109.06400000000001,73.908,66.628,141.08
2025-06-18,78.11200000000001,85.75200000000001,112.204,61.2,77.728,133.392
2025-06-19,58.02,85.9,96.928,75.468,69.18,153.048
2025-06-20,71.492,58.684,107.096,77.264,67.436,129.56
2025-06-30,75.432,84.396,104.376,62.092,63.224,124.724
2025-07-01,66.436,83.15599999999999,103.7,69.34,65.236,133.588
2025-07-02,76.972,85.916,107.88,62.648,76.68,130.82399999999998
2025-07-03,55.508,81.016,93.052,71.036,67.688,147.072
2025-07-04,64.728,54.924,98.756,72.824,62.148,124.144
2025-07-07,76.348,86.072,105.0,62.788,64.792,129.748
2025-07-08,66.34,83.356,104.968,69.332,65.604,135.94400000000002
2025-07-09,77.79599999999999,85.368,109.512,61.376,77.64,131.948
2025-07-10,56.18,81.092,93.83200000000001,71.112,67.74,147.888
2025-07-11,68.832,56.236000000000004,102.42,74.116,64.424,123.508
2025-07-14,78.104,86.608,107.044,62.792,65.28,131.612
2025-07-15,68.9,85.096,105.132,71.58,66.916,138.56
2025-07-16,81.144,87.364,110.904,64.224,78.0,137.312
2025-07-17,56.924,82.812,95.004,72.464,69.392,152.61599999999999
2025-07-18,67.584,56.168,102.12,74.58,63.984,127.032
2025-07-21,74.668,83.884,103.808,61.564,63.552,127.684
2025-07-22,65.776,80.424,103.872,69.66,64.836,135.98
2025-07-23,77.576,83.544,108.504,61.196,75.256,130.272
2025-07-24,54.76,80.596,91.636,71.484,66.34,145.496
2025-07-25,67.824,55.152,100.42,74.156,63.876,121.96
2025-07-28,82.208,90.428,112.132,66.356,67.612,136.78
2025-07-29,72.552,88.332,110.1,75.80799999999999,69.108,144.86
2025-07-30,85.252,90.92399999999999,117.272,66.752,82.388,143.488
2025-07-31,59.564,87.208,99.468,77.39999999999999,72.55199999999999,158.632
